brand,processor_brand,processor_name,processor_gnrtn,ram_gb,ram_type,ssd,hdd,os,os_bit,graphic_card_gb,weight,warranty,Touchscreen,msoffice,Price,rating,Number of Ratings,Number of Reviews
ASUS,Intel,Core i3,10th,4 GB,DDR4,0 GB,1024 GB,Windows,64-bit,0 GB,Casual,No warranty,No,No,2321,2 stars,3,0
Lenovo,Intel,Core i3,10th,4 GB,DDR4,0 GB,1024 GB,Windows,64-bit,0 GB,Casual,No warranty,No,No,2613,3 stars,65,5
Lenovo,Intel,Core i3,10th,4 GB,DDR4,0 GB,1024 GB,Windows,64-bit,0 GB,Casual,No warranty,No,No,2680,3 stars,8,1
ASUS,Intel,Core i5,10th,8 GB,DDR4,512 GB,0 GB,Windows,32-bit,2 GB,Casual,No warranty,No,No,4689,3 stars,0,0
ASUS,Intel,Celeron Dual,Not Available,4 GB,DDR4,0 GB,512 GB,Windows,64-bit,0 GB,Casual,No warranty,No,No,1808,3 stars,0,0
ASUS,Intel,Celeron Dual,Not Available,4 GB,DDR4,0 GB,512 GB,Windows,64-bit,0 GB,Casual,No warranty,No,No,1540,3 stars,0,0
ASUS,Intel,Celeron Dual,Not Available,4 GB,DDR4,0 GB,512 GB,Windows,32-bit,0 GB,Casual,No warranty,No,No,1473,3 stars,31,3
ASUS,Intel,Core i5,10th,8 GB,DDR4,0 GB,1024 GB,Windows,32-bit,2 GB,Casual,No warranty,No,No,3940,3 stars,0,0
Lenovo,Intel,Core i5,10th,4 GB,DDR4,0 GB,1024 GB,Windows,32-bit,0 GB,Casual,No warranty,No,No,3350,3 stars,0,0
acer,AMD,Ryzen 5,10th,4 GB,DDR4,0 GB,512 GB,Windows,32-bit,4 GB,Casual,No warranty,No,No,4019,4 stars,1946,240
acer,AMD,Ryzen 5,10th,4 GB,DDR4,0 GB,512 GB,Windows,32-bit,6 GB,Casual,No warranty,No,No,6278,4 stars,259,47
acer,AMD,Ryzen 5,10th,4 GB,DDR4,0 GB,512 GB,Windows,32-bit,4 GB,Casual,No warranty,No,No,4890,4 stars,425,67
Avita,Intel,Celeron Dual,Not Available,4 GB,DDR4,0 GB,512 GB,Windows,64-bit,0 GB,Casual,No warranty,No,No,1172,3 stars,1120,196
ASUS,Intel,Celeron Dual,Not Available,4 GB,DDR4,0 GB,512 GB,Windows,64-bit,0 GB,Casual,No warranty,No,No,1540,3 stars,0,0
ASUS,Intel,Core i3,11th,4 GB,DDR4,256 GB,0 GB,Windows,64-bit,0 GB,Casual,No warranty,No,No,2411,3 stars,0,0
HP,Intel,Core i3,11th,8 GB,DDR4,256 GB,0 GB,Windows,64-bit,0 GB,Casual,1 year,Yes,No,3785,3 stars,0,0
HP,Intel,Core i5,11th,8 GB,DDR4,256 GB,0 GB,Windows,64-bit,0 GB,Casual,1 year,No,No,4381,3 stars,0,0
Lenovo,Intel,Celeron Dual,Not Available,4 GB,DDR4,256 GB,0 GB,Windows,64-bit,0 GB,ThinNlight,No warranty,No,No,2144,4 stars,286,19
HP,Intel,Celeron Dual,Not Available,8 GB,DDR4,256 GB,0 GB,Windows,64-bit,0 GB,ThinNlight,No warranty,No,No,2177,4 stars,58,6
Lenovo,Intel,Celeron Dual,Not Available,4 GB,DDR4,256 GB,0 GB,Windows,64-bit,0 GB,ThinNlight,No warranty,No,No,2131,3 stars,0,0
ASUS,Intel,Celeron Dual,Not Available,4 GB,DDR4,256 GB,0 GB,Windows,64-bit,0 GB,Casual,No warranty,No,No,2003,4 stars,7,0
ASUS,Intel,Celeron Dual,Not Available,4 GB,DDR4,0 GB,1024 GB,Windows,64-bit,0 GB,Casual,1 year,No,No,1607,3 stars,15279,1947
HP,Intel,Core i3,7th,4 GB,DDR4,0 GB,1024 GB,Windows,64-bit,0 GB,Casual,No warranty,No,No,2208,4 stars,311,27
HP,Intel,Core i5,7th,4 GB,DDR4,0 GB,1024 GB,Windows,32-bit,2 GB,Casual,No warranty,No,No,3095,4 stars,47,7
ASUS,Intel,Core i3,11th,4 GB,DDR4,256 GB,0 GB,Windows,64-bit,0 GB,ThinNlight,No warranty,No,No,2307,4 stars,37,6
Lenovo,Intel,Core i3,10th,8 GB,DDR4,256 GB,0 GB,Windows,32-bit,0 GB,ThinNlight,2 years,No,Yes,2545,4 stars,2080,235
ASUS,Intel,Core i3,11th,4 GB,DDR4,256 GB,0 GB,Windows,32-bit,0 GB,Casual,1 year,No,Yes,2411,4 stars,1479,181
ASUS,Intel,Core i3,10th,8 GB,DDR4,256 GB,0 GB,Windows,64-bit,0 GB,ThinNlight,No warranty,No,No,2277,4 stars,67,3
HP,Intel,Core i3,11th,8 GB,DDR4,256 GB,0 GB,Windows,64-bit,0 GB,ThinNlight,1 year,No,Yes,2679,4 stars,273,30
DELL,Intel,Core i3,10th,8 GB,DDR4,256 GB,0 GB,Windows,64-bit,0 GB,ThinNlight,1 year,No,Yes,2646,4 stars,1267,171
HP,Intel,Core i3,11th,8 GB,DDR4,256 GB,0 GB,Windows,64-bit,0 GB,Casual,1 year,Yes,Yes,3617,4 stars,14,0
acer,Intel,Core i3,11th,8 GB,DDR4,256 GB,0 GB,Windows,64-bit,0 GB,ThinNlight,1 year,No,No,2612,3 stars,0,0
ASUS,Intel,Core i3,11th,8 GB,DDR4,256 GB,0 GB,Windows,64-bit,0 GB,ThinNlight,1 year,No,No,2545,4 stars,284,39
ASUS,Intel,Core i3,11th,8 GB,DDR4,256 GB,0 GB,Windows,64-bit,0 GB,Casual,1 year,No,Yes,2539,4 stars,44,5
Lenovo,Intel,Core i3,11th,8 GB,DDR4,256 GB,0 GB,Windows,64-bit,0 GB,ThinNlight,1 year,No,No,2612,4 stars,33,4
Lenovo,Intel,Core i3,10th,8 GB,DDR4,256 GB,0 GB,Windows,64-bit,0 GB,ThinNlight,No warranty,No,No,2545,4 stars,286,36
DELL,Intel,Core i3,11th,8 GB,DDR4,256 GB,0 GB,Windows,64-bit,0 GB,ThinNlight,1 year,No,Yes,2813,3 stars,10,5
ASUS,Intel,Core i3,11th,8 GB,DDR4,256 GB,0 GB,Windows,64-bit,0 GB,Casual,1 year,No,No,3081,4 stars,816,147
Lenovo,Intel,Core i3,11th,8 GB,DDR4,256 GB,0 GB,Windows,64-bit,0 GB,ThinNlight,1 year,No,No,2679,4 stars,543,65
DELL,Intel,Core i3,11th,8 GB,DDR4,256 GB,0 GB,Windows,64-bit,0 GB,ThinNlight,No warranty,No,No,2847,4 stars,9,1
DELL,Intel,Core i3,10th,4 GB,DDR4,256 GB,0 GB,Windows,64-bit,0 GB,ThinNlight,1 year,No,Yes,2478,4 stars,1178,137
Lenovo,Intel,Core i3,11th,8 GB,DDR4,256 GB,0 GB,Windows,64-bit,0 GB,Casual,1 year,Yes,Yes,3617,4 stars,299,41
ASUS,Intel,Core i3,11th,8 GB,DDR4,256 GB,0 GB,Windows,64-bit,0 GB,ThinNlight,No warranty,No,No,2478,4 stars,20,1
Lenovo,Intel,Core i3,10th,4 GB,DDR4,256 GB,0 GB,Windows,64-bit,0 GB,Casual,2 years,No,No,2609,4 stars,758,64
DELL,Intel,Core i3,10th,4 GB,DDR4,256 GB,0 GB,Windows,64-bit,0 GB,Casual,1 year,No,Yes,2646,4 stars,634,64
ASUS,Intel,Core i3,11th,8 GB,DDR4,256 GB,0 GB,Windows,64-bit,0 GB,Casual,1 year,No,No,3081,4 stars,816,147
Lenovo,Intel,Core i3,10th,8 GB,DDR4,256 GB,0 GB,Windows,64-bit,0 GB,Casual,2 years,No,Yes,2680,5 stars,4,0
DELL,Intel,Core i3,11th,8 GB,DDR4,256 GB,0 GB,Windows,64-bit,0 GB,ThinNlight,1 year,No,No,2880,4 stars,17,2
DELL,Intel,Core i3,11th,8 GB,DDR4,256 GB,0 GB,Windows,64-bit,0 GB,Casual,1 year,Yes,No,3349,4 stars,24,5
DELL,Intel,Core i3,11th,8 GB,DDR4,256 GB,0 GB,Windows,64-bit,0 GB,ThinNlight,1 year,No,Yes,2780,4 stars,1753,165
DELL,Intel,Core i3,11th,8 GB,DDR4,256 GB,0 GB,Windows,64-bit,0 GB,ThinNlight,No warranty,No,No,2813,4 stars,216,21
Lenovo,Intel,Core i3,11th,8 GB,DDR4,256 GB,0 GB,Windows,64-bit,0 GB,ThinNlight,1 year,No,Yes,2813,4 stars,1084,160
ASUS,Intel,Core i3,11th,8 GB,DDR4,256 GB,0 GB,Windows,64-bit,0 GB,Casual,1 year,No,No,2579,3 stars,19,3
Lenovo,Intel,Core i3,11th,4 GB,DDR4,256 GB,0 GB,Windows,64-bit,0 GB,ThinNlight,1 year,No,Yes,2612,4 stars,106,13
Lenovo,Intel,Core i3,11th,4 GB,DDR4,256 GB,0 GB,Windows,64-bit,0 GB,Casual,1 year,No,Yes,3014,4 stars,42,4
Lenovo,Intel,Core i3,10th,4 GB,DDR4,256 GB,0 GB,Windows,64-bit,0 GB,ThinNlight,No warranty,No,No,2445,3 stars,0,0
Lenovo,Intel,Core i3,10th,8 GB,DDR4,256 GB,0 GB,Windows,32-bit,0 GB,Casual,No warranty,No,No,2611,3 stars,0,0
HP,Intel,Core i3,11th,4 GB,DDR4,256 GB,0 GB,Windows,64-bit,0 GB,ThinNlight,1 year,No,Yes,3008,4 stars,1029,107
MSI,Intel,Core i3,10th,4 GB,DDR4,256 GB,0 GB,Windows,64-bit,0 GB,ThinNlight,No warranty,No,No,2612,4 stars,53,11
DELL,Intel,Core i3,11th,4 GB,DDR4,256 GB,0 GB,Windows,64-bit,0 GB,ThinNlight,No warranty,No,No,2977,3 stars,0,0
ASUS,Intel,Core i3,10th,4 GB,DDR4,256 GB,0 GB,Windows,64-bit,0 GB,Casual,1 year,No,No,2411,3 stars,0,0
Lenovo,Intel,Core i3,10th,4 GB,DDR4,256 GB,0 GB,Windows,64-bit,0 GB,Casual,1 year,No,Yes,2693,3 stars,48,1
Lenovo,Intel,Core i3,10th,4 GB,DDR4,256 GB,0 GB,Windows,32-bit,0 GB,Casual,No warranty,No,No,2746,3 stars,3,0
DELL,Intel,Core i3,10th,4 GB,DDR4,256 GB,0 GB,Windows,64-bit,0 GB,ThinNlight,1 year,No,No,2847,3 stars,0,0
acer,Intel,Celeron Dual,Not Available,4 GB,DDR4,0 GB,512 GB,Windows,32-bit,0 GB,Casual,No warranty,No,No,1607,3 stars,61,4
DELL,Intel,Core i3,11th,4 GB,DDR4,256 GB,0 GB,Windows,64-bit,0 GB,Casual,No warranty,Yes,No,4824,4 stars,97,13
ASUS,Intel,Core i3,11th,4 GB,DDR4,256 GB,0 GB,Windows,64-bit,0 GB,Casual,1 year,No,No,2679,4 stars,181,19
Lenovo,Intel,Core i3,10th,4 GB,DDR4,256 GB,0 GB,Windows,64-bit,0 GB,Casual,1 year,No,Yes,2814,4 stars,529,39
ASUS,Intel,Core i3,11th,4 GB,DDR4,256 GB,0 GB,Windows,32-bit,0 GB,Casual,No warranty,No,No,2813,3 stars,0,0
Lenovo,Intel,Core i3,10th,4 GB,DDR4,256 GB,0 GB,Windows,64-bit,0 GB,Casual,2 years,No,Yes,2680,3 stars,0,0
ASUS,Intel,Core i3,10th,4 GB,DDR4,256 GB,0 GB,Windows,32-bit,0 GB,Casual,No warranty,No,No,2679,3 stars,0,0
Lenovo,Intel,Core i3,11th,4 GB,DDR4,256 GB,0 GB,Windows,64-bit,0 GB,Casual,No warranty,No,No,2680,4 stars,10,1
HP,Intel,Core i3,11th,4 GB,DDR4,256 GB,0 GB,Windows,64-bit,0 GB,ThinNlight,1 year,No,Yes,2847,4 stars,5205,561
Lenovo,Intel,Core i3,10th,4 GB,DDR4,256 GB,0 GB,Windows,32-bit,0 GB,Casual,No warranty,No,No,2813,3 stars,3,0
ASUS,Intel,Core i3,11th,4 GB,DDR4,256 GB,0 GB,Windows,32-bit,0 GB,Casual,No warranty,No,No,3249,3 stars,0,0
HP,Intel,Core i3,11th,4 GB,DDR4,256 GB,0 GB,Windows,64-bit,0 GB,ThinNlight,1 year,No,Yes,2973,4 stars,1090,96
DELL,Intel,Core i3,11th,4 GB,DDR4,256 GB,0 GB,Windows,32-bit,0 GB,Casual,No warranty,No,No,2941,3 stars,0,0
DELL,Intel,Core i3,11th,4 GB,DDR4,256 GB,0 GB,Windows,64-bit,0 GB,Casual,1 year,No,No,3128,3 stars,0,0
Lenovo,Intel,Core i3,10th,4 GB,DDR4,256 GB,0 GB,Windows,32-bit,0 GB,Casual,No warranty,No,No,2746,5 stars,1,1
DELL,Intel,Core i3,10th,4 GB,DDR4,256 GB,0 GB,Windows,64-bit,0 GB,ThinNlight,1 year,No,No,2679,4 stars,44,2
Lenovo,Intel,Core i3,11th,4 GB,DDR4,256 GB,0 GB,Windows,64-bit,0 GB,ThinNlight,No warranty,No,No,2947,3 stars,0,0
ASUS,Intel,Core i3,11th,4 GB,DDR4,256 GB,0 GB,Windows,64-bit,0 GB,ThinNlight,1 year,No,No,2478,4 stars,70,9
DELL,Intel,Core i3,11th,8 GB,DDR4,256 GB,0 GB,Windows,64-bit,0 GB,Casual,1 year,No,No,3250,3 stars,0,0
ASUS,Intel,Core i3,11th,8 GB,DDR4,256 GB,0 GB,Windows,64-bit,0 GB,Casual,No warranty,No,No,3282,3 stars,0,0
ASUS,Intel,Celeron Dual,Not Available,4 GB,LPDDR4,0 GB,512 GB,Windows,32-bit,0 GB,Casual,No warranty,No,No,1574,4 stars,632,92
HP,Intel,Core i3,8th,4 GB,DDR4,256 GB,0 GB,Windows,64-bit,0 GB,Casual,1 year,Yes,Yes,3634,4 stars,71,8
ASUS,Intel,Core i3,10th,8 GB,DDR4,512 GB,0 GB,Windows,64-bit,0 GB,Casual,1 year,No,No,2545,4 stars,990,108
HP,Intel,Core i3,11th,8 GB,DDR4,512 GB,0 GB,Windows,64-bit,0 GB,ThinNlight,1 year,No,Yes,2880,4 stars,158,18
HP,Intel,Core i3,11th,8 GB,DDR4,512 GB,0 GB,Windows,64-bit,0 GB,ThinNlight,1 year,No,Yes,2880,4 stars,681,59
ASUS,Intel,Core i3,10th,4 GB,DDR4,512 GB,0 GB,Windows,64-bit,0 GB,Casual,1 year,No,No,2411,4 stars,130,12
ASUS,Intel,Core i3,11th,8 GB,DDR4,512 GB,0 GB,Windows,64-bit,0 GB,Casual,1 year,No,No,2880,4 stars,30,4
ASUS,Intel,Core i3,11th,8 GB,LPDDR4X,512 GB,0 GB,Windows,32-bit,0 GB,Casual,1 year,Yes,Yes,3483,4 stars,6,2
ASUS,Intel,Core i3,11th,8 GB,DDR4,512 GB,0 GB,Windows,64-bit,0 GB,Casual,1 year,No,No,3282,4 stars,174,30
ASUS,Intel,Core i3,11th,8 GB,DDR4,512 GB,0 GB,Windows,64-bit,0 GB,Casual,1 year,No,No,2880,4 stars,40,7
Lenovo,Intel,Core i3,10th,8 GB,DDR4,512 GB,0 GB,Windows,64-bit,0 GB,ThinNlight,1 year,No,No,2612,3 stars,13,1
DELL,Intel,Core i3,11th,8 GB,DDR4,512 GB,0 GB,Windows,64-bit,0 GB,ThinNlight,No warranty,No,No,3081,4 stars,184,29
HP,Intel,Core i3,10th,8 GB,DDR4,512 GB,0 GB,Windows,64-bit,0 GB,ThinNlight,1 year,No,Yes,2847,4 stars,1296,126
HP,Intel,Core i3,11th,8 GB,DDR4,512 GB,0 GB,Windows,64-bit,0 GB,ThinNlight,1 year,No,Yes,2946,4 stars,571,56
ASUS,Intel,Core i3,10th,4 GB,DDR4,512 GB,0 GB,Windows,64-bit,0 GB,ThinNlight,1 year,No,Yes,2679,4 stars,2551,297
MSI,Intel,Core i3,11th,8 GB,DDR4,512 GB,0 GB,Windows,64-bit,0 GB,ThinNlight,No warranty,No,No,3282,4 stars,17,3
HP,Intel,Core i3,11th,8 GB,DDR4,512 GB,0 GB,Windows,64-bit,0 GB,Casual,1 year,No,Yes,3684,4 stars,35,3
MSI,Intel,Core i3,10th,8 GB,DDR4,512 GB,0 GB,Windows,64-bit,0 GB,ThinNlight,No warranty,No,No,2746,4 stars,118,17
ASUS,Intel,Core i3,11th,8 GB,DDR4,512 GB,0 GB,Windows,64-bit,0 GB,ThinNlight,1 year,No,Yes,2813,3 stars,0,0
Lenovo,Intel,Core i3,11th,8 GB,DDR4,512 GB,0 GB,Windows,64-bit,0 GB,ThinNlight,1 year,Yes,No,3684,4 stars,245,34
ASUS,Intel,Core i3,11th,8 GB,DDR4,512 GB,0 GB,Windows,64-bit,0 GB,Casual,1 year,No,Yes,3014,4 stars,2058,305
HP,Intel,Core i3,11th,8 GB,DDR4,512 GB,0 GB,Windows,64-bit,0 GB,Casual,1 year,No,No,2764,4 stars,117,11
HP,Intel,Core i3,11th,8 GB,DDR4,512 GB,0 GB,Windows,64-bit,0 GB,ThinNlight,No warranty,No,No,3014,3 stars,0,0
ASUS,Intel,Core i3,11th,8 GB,DDR4,512 GB,0 GB,Windows,64-bit,0 GB,Casual,1 year,No,No,2880,4 stars,74,11
DELL,Intel,Core i3,11th,8 GB,DDR4,512 GB,0 GB,Windows,64-bit,0 GB,Casual,1 year,Yes,No,4073,4 stars,10,1
HP,Intel,Core i3,11th,8 GB,DDR4,512 GB,0 GB,Windows,64-bit,0 GB,Casual,No warranty,No,No,3059,4 stars,39,4
DELL,Intel,Core i3,10th,8 GB,DDR4,512 GB,0 GB,Windows,64-bit,0 GB,ThinNlight,1 year,No,Yes,2813,3 stars,29,7
DELL,Intel,Core i3,10th,8 GB,DDR4,512 GB,0 GB,Windows,64-bit,0 GB,ThinNlight,1 year,No,No,3048,4 stars,43,4
ASUS,Intel,Core i3,11th,8 GB,DDR4,512 GB,0 GB,Windows,64-bit,0 GB,ThinNlight,1 year,No,Yes,3014,3 stars,0,0
Lenovo,Intel,Core i3,11th,8 GB,DDR4,512 GB,0 GB,Windows,64-bit,0 GB,ThinNlight,2 years,No,Yes,2880,4 stars,984,99
HP,Intel,Core i3,11th,4 GB,DDR4,512 GB,0 GB,Windows,64-bit,0 GB,ThinNlight,1 year,No,Yes,3048,4 stars,523,66
HP,Intel,Core i3,10th,4 GB,DDR4,512 GB,0 GB,Windows,32-bit,0 GB,Casual,No warranty,No,No,2600,4 stars,30,1
HP,Intel,Core i3,11th,4 GB,DDR4,512 GB,0 GB,Windows,64-bit,0 GB,Casual,1 year,Yes,Yes,4641,3 stars,0,0
ASUS,Intel,Core i3,11th,4 GB,DDR4,512 GB,0 GB,Windows,64-bit,0 GB,Casual,1 year,No,Yes,3460,3 stars,0,0
HP,Intel,Core i3,11th,4 GB,DDR4,512 GB,0 GB,Windows,64-bit,0 GB,ThinNlight,1 year,No,Yes,3215,4 stars,1605,215
ASUS,Intel,Core i3,10th,4 GB,DDR4,512 GB,0 GB,Windows,64-bit,0 GB,Casual,1 year,No,No,2746,4 stars,4008,519
ASUS,Intel,Core i3,10th,4 GB,DDR4,512 GB,0 GB,Windows,64-bit,0 GB,ThinNlight,1 year,No,Yes,2880,4 stars,1869,234
ASUS,Intel,Core i3,11th,4 GB,DDR4,512 GB,0 GB,Windows,64-bit,0 GB,Casual,1 year,No,No,3008,3 stars,7,0
ASUS,Intel,Core i3,10th,4 GB,DDR4,512 GB,0 GB,Windows,64-bit,0 GB,Casual,1 year,No,No,2780,4 stars,4008,519
HP,Intel,Core i3,11th,4 GB,DDR4,512 GB,0 GB,Windows,32-bit,0 GB,ThinNlight,1 year,No,No,3416,3 stars,0,0
HP,Intel,Core i3,11th,4 GB,DDR4,512 GB,0 GB,Windows,64-bit,0 GB,ThinNlight,1 year,No,Yes,3276,4 stars,1278,135
ASUS,Intel,Core i3,10th,4 GB,DDR4,512 GB,0 GB,Windows,64-bit,0 GB,Casual,1 year,No,No,2746,4 stars,4008,519
DELL,Intel,Core i3,10th,4 GB,DDR4,512 GB,0 GB,Windows,64-bit,0 GB,Casual,No warranty,No,No,2800,3 stars,0,0
Lenovo,Intel,Core i3,11th,4 GB,DDR4,512 GB,0 GB,Windows,64-bit,0 GB,Casual,1 year,Yes,Yes,3886,3 stars,10,2
DELL,Intel,Core i3,11th,8 GB,DDR4,512 GB,0 GB,Windows,64-bit,0 GB,ThinNlight,No warranty,No,No,3077,3 stars,0,0
HP,Intel,Core i3,11th,8 GB,DDR4,512 GB,0 GB,Windows,64-bit,0 GB,Casual,1 year,Yes,Yes,3718,4 stars,143,15
ASUS,Intel,Core i3,10th,8 GB,DDR4,0 GB,1024 GB,Windows,64-bit,0 GB,Casual,1 year,No,No,2204,3 stars,28,4
Lenovo,Intel,Core i3,10th,8 GB,DDR4,0 GB,1024 GB,Windows,64-bit,0 GB,ThinNlight,1 year,No,Yes,2411,4 stars,2124,233
DELL,Intel,Core i3,11th,8 GB,DDR4,0 GB,1024 GB,Windows,64-bit,0 GB,ThinNlight,No warranty,No,No,2847,4 stars,276,40
DELL,Intel,Core i3,11th,8 GB,DDR4,0 GB,1024 GB,Windows,64-bit,0 GB,ThinNlight,No warranty,No,No,2827,3 stars,250,21
DELL,Intel,Core i3,10th,8 GB,DDR4,0 GB,1024 GB,Windows,64-bit,0 GB,ThinNlight,1 year,No,Yes,2646,4 stars,1917,189
HP,Intel,Core i3,11th,8 GB,DDR4,0 GB,1024 GB,Windows,64-bit,0 GB,ThinNlight,1 year,No,Yes,2927,4 stars,4999,490
ASUS,Intel,Core i3,10th,4 GB,DDR4,0 GB,1024 GB,Windows,64-bit,0 GB,Casual,1 year,No,No,2411,3 stars,17,0
DELL,Intel,Core i3,11th,8 GB,DDR4,0 GB,1024 GB,Windows,32-bit,0 GB,Casual,No warranty,No,No,2935,4 stars,17,0
Lenovo,Intel,Core i3,10th,8 GB,DDR4,0 GB,1024 GB,Windows,32-bit,0 GB,Casual,No warranty,No,No,2612,3 stars,0,0
ASUS,Intel,Core i3,10th,4 GB,DDR4,0 GB,1024 GB,Windows,64-bit,0 GB,ThinNlight,1 year,No,No,2344,3 stars,4203,490
ASUS,Intel,Core i3,11th,8 GB,DDR4,0 GB,1024 GB,Windows,64-bit,0 GB,Casual,1 year,No,No,2606,3 stars,13,0
DELL,Intel,Core i3,10th,4 GB,DDR4,0 GB,1024 GB,Windows,64-bit,0 GB,ThinNlight,1 year,No,No,2679,3 stars,15,1
DELL,Intel,Core i3,10th,4 GB,DDR4,0 GB,1024 GB,Windows,32-bit,0 GB,Casual,No warranty,No,No,2740,4 stars,527,46
Lenovo,Intel,Core i3,10th,4 GB,DDR4,0 GB,1024 GB,Windows,64-bit,0 GB,ThinNlight,1 year,No,No,2478,3 stars,103,10
HP,Intel,Core i3,11th,4 GB,DDR4,0 GB,1024 GB,Windows,64-bit,0 GB,ThinNlight,1 year,No,Yes,2679,3 stars,324,45
HP,Intel,Core i3,11th,4 GB,DDR4,0 GB,1024 GB,Windows,64-bit,0 GB,ThinNlight,1 year,No,Yes,2813,4 stars,69,5
DELL,Intel,Core i3,11th,4 GB,DDR4,0 GB,1024 GB,Windows,32-bit,0 GB,Casual,No warranty,No,No,2946,3 stars,16,0
HP,Intel,Core i3,11th,4 GB,DDR4,0 GB,1024 GB,Windows,64-bit,0 GB,ThinNlight,1 year,No,No,2666,3 stars,40,3
ASUS,Intel,Core i3,10th,4 GB,DDR4,0 GB,1024 GB,Windows,32-bit,0 GB,ThinNlight,No warranty,No,No,2385,3 stars,12,1
HP,Intel,Core i3,10th,4 GB,DDR4,0 GB,1024 GB,Windows,64-bit,0 GB,ThinNlight,1 year,No,Yes,2445,3 stars,1146,175
ASUS,Intel,Core i3,10th,4 GB,DDR4,0 GB,1024 GB,Windows,64-bit,0 GB,ThinNlight,1 year,No,Yes,2612,4 stars,1850,216
ASUS,Intel,Core i3,10th,4 GB,DDR4,0 GB,1024 GB,Windows,32-bit,0 GB,ThinNlight,No warranty,No,No,2277,3 stars,43,7
DELL,Intel,Core i3,10th,4 GB,DDR4,0 GB,1024 GB,Windows,64-bit,0 GB,Casual,1 year,No,Yes,2908,4 stars,231,26
ASUS,Intel,Celeron Dual,Not Available,4 GB,LPDDR4,0 GB,512 GB,Windows,32-bit,0 GB,Casual,No warranty,No,No,1674,4 stars,502,93
HP,Intel,Core i3,10th,4 GB,DDR4,0 GB,1024 GB,Windows,64-bit,0 GB,ThinNlight,1 year,No,Yes,2730,4 stars,1096,116
DELL,Intel,Core i3,10th,4 GB,DDR4,0 GB,1024 GB,Windows,64-bit,0 GB,ThinNlight,1 year,No,Yes,2881,4 stars,313,35
ASUS,Intel,Core i3,10th,4 GB,DDR4,0 GB,1024 GB,Windows,64-bit,0 GB,Casual,No warranty,No,No,2546,4 stars,7,0
DELL,Intel,Core i3,11th,8 GB,DDR4,0 GB,1024 GB,Windows,64-bit,0 GB,ThinNlight,1 year,No,Yes,2545,3 stars,265,46
HP,Intel,Core i3,7th,8 GB,DDR4,0 GB,1024 GB,Windows,64-bit,2 GB,Casual,No warranty,No,No,3302,4 stars,38,3
Lenovo,Intel,Core i3,10th,8 GB,DDR4,0 GB,1024 GB,Windows,32-bit,0 GB,Casual,No warranty,No,No,2613,3 stars,7,2
ASUS,Intel,Core i3,11th,8 GB,DDR4,0 GB,1024 GB,Windows,32-bit,0 GB,Casual,No warranty,No,No,2780,3 stars,4,0
acer,Intel,Core i3,11th,4 GB,DDR4,0 GB,1024 GB,Windows,32-bit,0 GB,Casual,No warranty,No,No,2479,3 stars,0,0
DELL,Intel,Core i3,11th,8 GB,DDR4,0 GB,1024 GB,Windows,32-bit,0 GB,Casual,No warranty,No,No,2874,3 stars,0,0
ASUS,Intel,Celeron Dual,Not Available,4 GB,LPDDR4,0 GB,512 GB,Windows,32-bit,0 GB,Casual,No warranty,No,No,1440,3 stars,818,113
DELL,Intel,Core i3,11th,8 GB,DDR4,0 GB,1024 GB,Windows,32-bit,0 GB,Casual,No warranty,No,No,2779,3 stars,25,4
ASUS,Intel,Core i3,10th,8 GB,DDR4,0 GB,1024 GB,Windows,64-bit,0 GB,Casual,No warranty,No,No,2210,2 stars,12,0
ASUS,Intel,Core i3,11th,8 GB,DDR4,0 GB,1024 GB,Windows,64-bit,0 GB,Casual,1 year,No,No,2592,3 stars,17,1
ASUS,Intel,Celeron Dual,Not Available,4 GB,LPDDR4,0 GB,512 GB,Windows,32-bit,0 GB,Casual,No warranty,No,No,1607,4 stars,974,170
DELL,Intel,Core i3,10th,8 GB,DDR4,0 GB,1024 GB,Windows,64-bit,0 GB,ThinNlight,No warranty,No,No,2706,3 stars,83,15
ASUS,Intel,Core i3,10th,4 GB,DDR4,0 GB,1024 GB,Windows,64-bit,0 GB,ThinNlight,No warranty,No,No,2277,3 stars,31,6
ASUS,Intel,Celeron Dual,Not Available,4 GB,LPDDR4,0 GB,512 GB,Windows,32-bit,0 GB,Casual,No warranty,No,No,1373,3 stars,637,91
DELL,Intel,Core i3,10th,8 GB,DDR4,256 GB,1024 GB,Windows,64-bit,0 GB,ThinNlight,1 year,No,Yes,2780,5 stars,7,5
DELL,Intel,Core i3,11th,8 GB,DDR4,256 GB,1024 GB,Windows,64-bit,0 GB,Casual,No warranty,No,No,3048,4 stars,207,16
DELL,Intel,Core i3,11th,8 GB,DDR4,256 GB,1024 GB,Windows,64-bit,0 GB,Casual,No warranty,No,No,2981,4 stars,844,103
ASUS,Intel,Core i3,11th,8 GB,DDR4,256 GB,1024 GB,Windows,64-bit,0 GB,Casual,1 year,No,Yes,2807,4 stars,53,6
DELL,Intel,Core i3,11th,4 GB,DDR4,256 GB,1024 GB,Windows,64-bit,0 GB,ThinNlight,1 year,No,Yes,2880,4 stars,62,7
acer,Intel,Core i3,11th,8 GB,DDR4,256 GB,1024 GB,Windows,64-bit,0 GB,Casual,No warranty,No,No,2746,4 stars,38,2
DELL,Intel,Core i3,11th,8 GB,DDR4,256 GB,1024 GB,Windows,64-bit,0 GB,ThinNlight,1 year,No,No,3282,4 stars,724,92
DELL,Intel,Core i3,11th,4 GB,DDR4,256 GB,1024 GB,Windows,64-bit,0 GB,ThinNlight,1 year,No,Yes,2921,3 stars,0,0
DELL,Intel,Core i3,10th,4 GB,DDR4,256 GB,1024 GB,Windows,64-bit,0 GB,Casual,1 year,No,No,2994,4 stars,9,0
ASUS,Intel,Core i3,10th,4 GB,DDR4,256 GB,1024 GB,Windows,64-bit,0 GB,Casual,No warranty,No,No,2746,3 stars,0,0
DELL,Intel,Core i3,11th,4 GB,DDR4,256 GB,1024 GB,Windows,64-bit,0 GB,ThinNlight,1 year,No,Yes,2947,3 stars,0,0
DELL,Intel,Core i3,11th,4 GB,DDR4,256 GB,1024 GB,Windows,64-bit,0 GB,ThinNlight,1 year,No,Yes,2921,3 stars,0,0
DELL,Intel,Core i3,10th,4 GB,DDR4,256 GB,1024 GB,Windows,64-bit,0 GB,ThinNlight,1 year,No,Yes,2773,4 stars,56,7
DELL,Intel,Core i3,10th,4 GB,DDR4,256 GB,1024 GB,Windows,64-bit,0 GB,ThinNlight,1 year,No,Yes,2967,3 stars,0,0
DELL,Intel,Core i3,11th,4 GB,DDR4,256 GB,1024 GB,Windows,64-bit,0 GB,Casual,1 year,No,No,3283,3 stars,0,0
DELL,Intel,Core i3,11th,4 GB,DDR4,256 GB,1024 GB,Windows,64-bit,0 GB,ThinNlight,1 year,No,Yes,2679,3 stars,170,11
DELL,Intel,Core i3,10th,8 GB,DDR4,256 GB,1024 GB,Windows,64-bit,0 GB,ThinNlight,No warranty,No,No,3108,2 stars,95,5
ASUS,Intel,Celeron Dual,Not Available,4 GB,LPDDR4,0 GB,512 GB,Windows,64-bit,0 GB,Casual,No warranty,No,No,1272,3 stars,197,25
ASUS,Intel,Celeron Dual,Not Available,4 GB,LPDDR4,0 GB,512 GB,Windows,32-bit,0 GB,Casual,No warranty,No,No,1205,3 stars,1180,148
HP,Intel,Celeron Dual,Not Available,4 GB,DDR4,0 GB,512 GB,Windows,64-bit,0 GB,Casual,No warranty,No,No,1773,3 stars,232,23
HP,Intel,Celeron Dual,Not Available,4 GB,DDR4,0 GB,512 GB,Windows,64-bit,0 GB,Casual,No warranty,No,No,1875,3 stars,596,65
Lenovo,Intel,Celeron Dual,Not Available,4 GB,DDR4,0 GB,1024 GB,Windows,32-bit,0 GB,Casual,No warranty,No,No,2010,3 stars,19,1
Lenovo,Intel,Celeron Dual,Not Available,4 GB,LPDDR4X,0 GB,512 GB,Windows,64-bit,0 GB,Casual,No warranty,No,No,1741,3 stars,84,16
Lenovo,Intel,Celeron Dual,Not Available,4 GB,LPDDR4,0 GB,512 GB,Windows,32-bit,0 GB,Casual,No warranty,No,No,1138,3 stars,414,54
Lenovo,Intel,Celeron Dual,Not Available,4 GB,LPDDR4,0 GB,512 GB,Windows,32-bit,0 GB,Casual,No warranty,No,No,1674,2 stars,70,16
acer,Intel,Core i5,Not Available,8 GB,DDR5,0 GB,512 GB,Windows,32-bit,4 GB,Casual,No warranty,No,No,3416,4 stars,10966,1185
acer,Intel,Core i5,Not Available,8 GB,LPDDR4,0 GB,512 GB,Windows,32-bit,0 GB,Casual,1 year,No,No,8039,4 stars,1,1
acer,Intel,Core i5,10th,8 GB,LPDDR4,0 GB,512 GB,DOS,32-bit,0 GB,Casual,No warranty,No,No,6311,4 stars,31,6
ASUS,Intel,Core i5,10th,8 GB,LPDDR4,0 GB,512 GB,DOS,32-bit,4 GB,Casual,No warranty,No,No,7113,4 stars,1881,241
DELL,Intel,Core i5,10th,8 GB,LPDDR4,0 GB,512 GB,DOS,32-bit,4 GB,Casual,1 year,No,No,4562,1 star,23,4
DELL,Intel,Core i5,10th,8 GB,LPDDR4,0 GB,512 GB,DOS,32-bit,0 GB,ThinNlight,1 year,No,No,9379,3 stars,0,0
HP,Intel,Core i5,10th,8 GB,LPDDR4,0 GB,512 GB,DOS,32-bit,0 GB,ThinNlight,No warranty,No,No,3751,4 stars,818,109
HP,Intel,Core i5,10th,8 GB,LPDDR4,0 GB,512 GB,DOS,32-bit,4 GB,Casual,No warranty,No,No,6871,3 stars,0,0
Lenovo,Intel,Core i5,10th,8 GB,LPDDR4,0 GB,512 GB,DOS,32-bit,2 GB,Casual,No warranty,No,No,3148,4 stars,4428,569
HP,Intel,Core i5,8th,8 GB,DDR4,128 GB,0 GB,Windows,64-bit,0 GB,ThinNlight,1 year,No,No,5093,4 stars,129,16
Lenovo,Intel,Core i5,11th,8 GB,DDR4,256 GB,0 GB,Windows,64-bit,0 GB,Casual,2 years,No,Yes,3316,4 stars,365,35
acer,Intel,Core i5,7th,8 GB,DDR3,256 GB,0 GB,Windows,64-bit,0 GB,ThinNlight,1 year,No,Yes,5820,4 stars,39,3
ASUS,Intel,Core i5,11th,8 GB,DDR4,256 GB,0 GB,Windows,64-bit,0 GB,ThinNlight,1 year,No,No,3282,3 stars,0,0
DELL,Intel,Core i5,11th,8 GB,DDR4,256 GB,0 GB,Windows,64-bit,0 GB,ThinNlight,No warranty,No,No,3751,3 stars,3,0
acer,Intel,Core i5,8th,8 GB,DDR3,256 GB,0 GB,Windows,64-bit,0 GB,ThinNlight,1 year,Yes,Yes,5494,4 stars,14,3
HP,Intel,Core i5,8th,8 GB,DDR4,256 GB,0 GB,Windows,64-bit,0 GB,Casual,1 year,Yes,Yes,9152,3 stars,0,0
acer,Intel,Core i5,8th,8 GB,DDR4,256 GB,0 GB,Windows,64-bit,0 GB,ThinNlight,1 year,No,No,3986,3 stars,33,7
ASUS,Intel,Core i5,11th,8 GB,DDR4,256 GB,0 GB,Windows,64-bit,0 GB,ThinNlight,1 year,No,No,3337,3 stars,0,0
Lenovo,Intel,Core i5,11th,8 GB,DDR4,256 GB,0 GB,Windows,64-bit,0 GB,Casual,1 year,No,Yes,4154,2 stars,4,0
HP,Intel,Core i5,11th,8 GB,DDR4,512 GB,0 GB,Windows,64-bit,0 GB,ThinNlight,No warranty,No,No,3684,4 stars,116,15
HP,Intel,Core i5,11th,8 GB,DDR4,512 GB,0 GB,Windows,64-bit,0 GB,ThinNlight,1 year,No,No,3617,4 stars,206,17
Lenovo,Intel,Core i5,11th,8 GB,DDR4,512 GB,0 GB,Windows,64-bit,0 GB,Casual,2 years,No,Yes,3550,4 stars,300,24
HP,Intel,Core i5,11th,16 GB,DDR4,512 GB,0 GB,Windows,64-bit,0 GB,ThinNlight,1 year,No,Yes,4555,4 stars,108,6
ASUS,Intel,Core i5,10th,8 GB,DDR4,512 GB,0 GB,Windows,64-bit,4 GB,Gaming,1 year,No,No,3885,4 stars,3712,412
Lenovo,Intel,Core i5,11th,16 GB,DDR4,512 GB,0 GB,Windows,64-bit,0 GB,ThinNlight,1 year,No,Yes,4174,4 stars,825,95
Lenovo,Intel,Core i5,11th,8 GB,DDR4,512 GB,0 GB,Windows,64-bit,0 GB,ThinNlight,1 year,No,No,3550,3 stars,0,0
Lenovo,Intel,Core i5,11th,8 GB,DDR4,512 GB,0 GB,Windows,64-bit,0 GB,ThinNlight,2 years,No,Yes,3483,4 stars,85,4
Lenovo,Intel,Core i5,11th,16 GB,DDR4,512 GB,0 GB,Windows,64-bit,0 GB,ThinNlight,No warranty,No,No,4153,4 stars,56,7
ASUS,Intel,Core i5,11th,8 GB,LPDDR4X,512 GB,0 GB,Windows,32-bit,0 GB,Casual,1 year,Yes,Yes,4287,4 stars,10,1
Lenovo,Intel,Core i5,11th,8 GB,DDR4,512 GB,0 GB,Windows,64-bit,0 GB,Casual,1 year,No,Yes,4421,4 stars,17,4
acer,Intel,Core i5,11th,8 GB,DDR4,512 GB,0 GB,Windows,64-bit,0 GB,ThinNlight,1 year,No,No,3550,4 stars,155,20
Lenovo,Intel,Core i5,10th,8 GB,DDR4,512 GB,0 GB,Windows,64-bit,0 GB,ThinNlight,1 year,No,No,3349,3 stars,0,0
ASUS,Intel,Core i5,11th,8 GB,DDR4,512 GB,0 GB,Windows,64-bit,4 GB,Gaming,No warranty,No,No,4823,4 stars,91,17
ASUS,Intel,Core i5,10th,8 GB,DDR4,512 GB,0 GB,Windows,64-bit,0 GB,Casual,1 year,No,No,3215,4 stars,35,2
Lenovo,Intel,Core i5,10th,8 GB,DDR4,512 GB,0 GB,Windows,32-bit,0 GB,ThinNlight,2 years,No,Yes,3249,4 stars,126,13
ASUS,Intel,Core i5,11th,8 GB,DDR4,512 GB,0 GB,Windows,64-bit,4 GB,Gaming,No warranty,No,No,4890,4 stars,74,10
MSI,Intel,Core i5,11th,16 GB,DDR4,512 GB,0 GB,Windows,64-bit,4 GB,Casual,2 years,No,No,5158,4 stars,75,17
ASUS,Intel,Core i5,11th,16 GB,DDR4,512 GB,0 GB,Windows,64-bit,6 GB,Gaming,1 year,No,Yes,6029,4 stars,124,17
MSI,Intel,Core i5,10th,8 GB,DDR4,512 GB,0 GB,Windows,64-bit,4 GB,Casual,2 years,No,No,4019,4 stars,1597,228
ASUS,Intel,Core i5,10th,8 GB,DDR4,512 GB,0 GB,Windows,64-bit,4 GB,Gaming,1 year,No,Yes,4421,4 stars,3850,378
DELL,Intel,Core i5,11th,8 GB,DDR4,512 GB,0 GB,Windows,64-bit,0 GB,Casual,No warranty,Yes,No,4823,4 stars,7,1
DELL,Intel,Core i5,11th,8 GB,DDR4,512 GB,0 GB,Windows,64-bit,0 GB,Casual,No warranty,Yes,No,4817,4 stars,3,0
Lenovo,Intel,Core i5,11th,16 GB,DDR4,512 GB,0 GB,Windows,64-bit,0 GB,ThinNlight,No warranty,No,No,4354,3 stars,0,0
ASUS,Intel,Core i5,11th,16 GB,DDR4,512 GB,0 GB,Windows,64-bit,0 GB,Casual,1 year,No,No,4421,3 stars,0,0
HP,Intel,Core i5,11th,8 GB,DDR4,512 GB,0 GB,Windows,64-bit,0 GB,ThinNlight,No warranty,No,No,3752,4 stars,5,1
ASUS,Intel,Core i5,11th,16 GB,DDR4,512 GB,0 GB,Windows,64-bit,4 GB,Casual,1 year,No,No,4924,4 stars,213,45
HP,Intel,Core i5,11th,16 GB,DDR4,512 GB,0 GB,Windows,64-bit,0 GB,ThinNlight,1 year,No,Yes,4991,4 stars,10,0
HP,Intel,Core i5,11th,8 GB,DDR4,512 GB,0 GB,Windows,64-bit,0 GB,ThinNlight,1 year,No,Yes,3909,4 stars,69,6
acer,Intel,Core i5,11th,8 GB,DDR4,512 GB,0 GB,Windows,64-bit,0 GB,ThinNlight,1 year,No,No,3752,4 stars,6,0
DELL,Intel,Core i5,11th,16 GB,DDR4,512 GB,0 GB,Windows,64-bit,0 GB,ThinNlight,No warranty,No,No,4555,4 stars,93,9
ASUS,Intel,Core i5,11th,16 GB,DDR4,512 GB,0 GB,Windows,64-bit,0 GB,Casual,1 year,No,No,4019,4 stars,11,2
ASUS,Intel,Core i5,11th,16 GB,DDR4,512 GB,0 GB,Windows,64-bit,6 GB,Casual,1 year,No,Yes,5560,4 stars,262,31
DELL,Intel,Core i5,11th,8 GB,DDR4,512 GB,0 GB,Windows,64-bit,2 GB,Casual,1 year,No,Yes,4301,3 stars,0,0
DELL,Intel,Core i5,11th,16 GB,DDR4,512 GB,0 GB,Windows,64-bit,0 GB,ThinNlight,No warranty,No,No,4696,4 stars,5,1
ASUS,Intel,Core i5,10th,8 GB,DDR4,512 GB,0 GB,Windows,64-bit,2 GB,ThinNlight,1 year,No,No,3349,4 stars,45,3
MSI,Intel,Core i5,11th,8 GB,DDR4,512 GB,0 GB,Windows,64-bit,0 GB,ThinNlight,No warranty,No,No,3718,3 stars,8,1
HP,Intel,Core i5,11th,8 GB,LPDDR4X,512 GB,0 GB,Windows,64-bit,0 GB,Casual,No warranty,Yes,No,6565,5 stars,3,1
ASUS,Intel,Core i5,9th,8 GB,DDR4,512 GB,0 GB,Windows,64-bit,4 GB,Gaming,1 year,No,Yes,3684,4 stars,1681,227
Lenovo,Intel,Core i5,11th,8 GB,DDR4,512 GB,0 GB,Windows,64-bit,0 GB,ThinNlight,1 year,No,Yes,4019,4 stars,37,2
Lenovo,Intel,Core i5,11th,8 GB,DDR4,512 GB,0 GB,Windows,64-bit,0 GB,ThinNlight,1 year,No,Yes,3617,4 stars,61,2
HP,Intel,Core i5,11th,16 GB,DDR4,512 GB,0 GB,Windows,64-bit,0 GB,ThinNlight,1 year,No,Yes,4489,4 stars,17,1
acer,Intel,Core i5,11th,8 GB,LPDDR4X,512 GB,0 GB,Windows,64-bit,0 GB,ThinNlight,1 year,No,Yes,4086,4 stars,17,1
ASUS,Intel,Core i5,10th,8 GB,DDR4,512 GB,0 GB,Windows,64-bit,0 GB,ThinNlight,1 year,No,Yes,3215,4 stars,1625,152
HP,Intel,Core i5,11th,8 GB,DDR4,512 GB,0 GB,Windows,32-bit,0 GB,ThinNlight,1 year,No,Yes,4020,4 stars,4,1
DELL,Intel,Core i5,10th,16 GB,DDR4,512 GB,0 GB,Windows,64-bit,4 GB,Casual,1 year,No,No,5359,3 stars,0,0
ASUS,Intel,Core i5,10th,8 GB,DDR4,512 GB,0 GB,Windows,64-bit,4 GB,Gaming,1 year,No,No,4287,3 stars,0,0
HP,Intel,Core i5,11th,8 GB,DDR4,512 GB,0 GB,Windows,64-bit,0 GB,ThinNlight,1 year,No,Yes,4287,4 stars,17,1
ASUS,Intel,Core i5,11th,16 GB,DDR4,512 GB,0 GB,Windows,64-bit,0 GB,Casual,1 year,No,No,4019,3 stars,0,0
Lenovo,Intel,Core i5,11th,8 GB,DDR4,512 GB,0 GB,Windows,64-bit,0 GB,ThinNlight,1 year,No,No,3751,3 stars,0,0
ASUS,Intel,Core i5,11th,16 GB,DDR4,512 GB,0 GB,Windows,64-bit,0 GB,Casual,1 year,No,No,4019,3 stars,0,0
HP,Intel,Core i5,11th,8 GB,DDR4,512 GB,0 GB,Windows,64-bit,0 GB,ThinNlight,1 year,No,Yes,4287,4 stars,3,0
DELL,Intel,Core i5,11th,16 GB,DDR4,512 GB,0 GB,Windows,64-bit,2 GB,Casual,1 year,No,Yes,4656,3 stars,0,0
DELL,Intel,Core i5,11th,16 GB,DDR4,512 GB,0 GB,Windows,64-bit,0 GB,Casual,1 year,Yes,Yes,5989,3 stars,0,0
ASUS,Intel,Core i5,11th,8 GB,LPDDR4X,512 GB,0 GB,Windows,64-bit,0 GB,ThinNlight,No warranty,No,No,5024,3 stars,0,0
Lenovo,Intel,Core i5,11th,8 GB,DDR4,512 GB,0 GB,Windows,64-bit,0 GB,Casual,3 years,Yes,Yes,4354,4 stars,48,12
Lenovo,Intel,Core i5,10th,8 GB,DDR4,512 GB,0 GB,Windows,64-bit,4 GB,Casual,1 year,No,Yes,4455,4 stars,282,36
DELL,Intel,Core i5,11th,16 GB,DDR4,512 GB,0 GB,Windows,64-bit,2 GB,Casual,1 year,No,Yes,6010,3 stars,0,0
Lenovo,Intel,Core i5,11th,16 GB,DDR4,512 GB,0 GB,Windows,64-bit,2 GB,Casual,1 year,No,Yes,4756,4 stars,67,4
ASUS,Intel,Core i5,11th,16 GB,DDR4,512 GB,0 GB,Windows,64-bit,0 GB,Casual,1 year,Yes,Yes,3952,3 stars,0,0
Lenovo,Intel,Core i5,10th,8 GB,DDR4,512 GB,0 GB,Windows,64-bit,2 GB,Casual,1 year,No,Yes,3853,3 stars,0,0
DELL,Intel,Core i5,11th,8 GB,DDR4,512 GB,0 GB,Windows,64-bit,2 GB,Casual,1 year,Yes,Yes,5359,4 stars,23,2
MSI,Intel,Core i5,10th,8 GB,DDR4,512 GB,0 GB,Windows,64-bit,0 GB,Casual,No warranty,No,No,3788,4 stars,677,87
ASUS,Intel,Core i5,11th,16 GB,DDR4,512 GB,0 GB,Windows,64-bit,0 GB,ThinNlight,No warranty,No,No,4019,3 stars,3,0
Lenovo,Intel,Core i5,11th,16 GB,DDR4,512 GB,0 GB,Windows,64-bit,0 GB,Casual,1 year,No,Yes,4354,4 stars,46,4
DELL,Intel,Core i5,11th,8 GB,DDR4,512 GB,0 GB,Windows,64-bit,0 GB,ThinNlight,1 year,No,No,4106,3 stars,4,1
Lenovo,Intel,Core i5,11th,8 GB,DDR4,512 GB,0 GB,Windows,64-bit,0 GB,ThinNlight,1 year,No,Yes,3684,4 stars,9,1
Lenovo,Intel,Core i5,11th,8 GB,DDR4,512 GB,0 GB,Windows,64-bit,0 GB,Casual,1 year,No,Yes,4019,4 stars,26,4
ASUS,Intel,Core i5,11th,8 GB,DDR4,512 GB,0 GB,Windows,32-bit,6 GB,Casual,1 year,No,No,5694,5 stars,5,0
HP,Intel,Core i5,11th,8 GB,DDR4,512 GB,0 GB,Windows,64-bit,0 GB,ThinNlight,1 year,No,Yes,4858,4 stars,40,3
Lenovo,Intel,Core i5,11th,8 GB,DDR4,512 GB,0 GB,Windows,64-bit,4 GB,Gaming,No warranty,No,No,4019,3 stars,44,6
Lenovo,Intel,Core i5,11th,8 GB,DDR4,512 GB,0 GB,Windows,64-bit,0 GB,Casual,1 year,Yes,Yes,5895,4 stars,28,6
HP,Intel,Core i5,11th,8 GB,DDR4,512 GB,0 GB,Windows,64-bit,0 GB,ThinNlight,No warranty,No,No,3885,4 stars,1541,123
DELL,Intel,Core i5,11th,8 GB,DDR4,512 GB,0 GB,Windows,64-bit,0 GB,ThinNlight,1 year,No,Yes,4656,4 stars,72,7
Lenovo,Intel,Core i5,11th,8 GB,DDR4,512 GB,0 GB,Windows,64-bit,0 GB,Casual,3 years,Yes,Yes,4622,4 stars,44,8
Lenovo,Intel,Core i5,11th,8 GB,DDR4,512 GB,0 GB,Windows,32-bit,0 GB,Casual,1 year,No,Yes,5225,4 stars,17,2
ASUS,Intel,Core i5,11th,8 GB,LPDDR4X,512 GB,0 GB,Windows,64-bit,0 GB,Casual,1 year,Yes,No,7101,4 stars,59,11
MSI,Intel,Core i5,11th,8 GB,LPDDR4X,512 GB,0 GB,Windows,64-bit,0 GB,Casual,1 year,No,No,5359,3 stars,0,0
DELL,Intel,Core i5,11th,8 GB,DDR4,512 GB,0 GB,Windows,64-bit,0 GB,ThinNlight,1 year,No,Yes,3718,4 stars,337,27
Lenovo,Intel,Core i5,11th,8 GB,DDR4,512 GB,0 GB,Windows,64-bit,0 GB,ThinNlight,1 year,No,Yes,4689,4 stars,10,2
ASUS,Intel,Core i5,11th,8 GB,DDR4,512 GB,0 GB,Windows,64-bit,0 GB,Casual,1 year,Yes,Yes,5694,4 stars,10,2
DELL,Intel,Core i5,11th,8 GB,DDR4,512 GB,0 GB,Windows,64-bit,0 GB,ThinNlight,No warranty,No,No,4019,3 stars,31,7
DELL,Intel,Core i5,10th,8 GB,LPDDR4X,512 GB,0 GB,Windows,64-bit,0 GB,ThinNlight,1 year,No,Yes,7497,3 stars,0,0
DELL,Intel,Core i5,11th,8 GB,DDR4,512 GB,0 GB,Windows,64-bit,2 GB,Casual,1 year,No,No,4421,4 stars,10,0
ASUS,Intel,Core i5,11th,8 GB,LPDDR4X,512 GB,0 GB,Windows,32-bit,0 GB,Casual,1 year,No,Yes,4890,4 stars,76,14
DELL,Intel,Core i5,11th,8 GB,DDR4,512 GB,0 GB,Windows,64-bit,0 GB,ThinNlight,1 year,No,Yes,4763,4 stars,44,6
MSI,Intel,Core i5,11th,8 GB,DDR4,512 GB,0 GB,Windows,64-bit,4 GB,Casual,2 years,No,No,5024,3 stars,0,0
ASUS,Intel,Core i5,10th,8 GB,LPDDR3,512 GB,0 GB,Windows,64-bit,0 GB,Casual,1 year,No,Yes,5359,4 stars,11,3
MSI,Intel,Core i5,11th,8 GB,DDR4,512 GB,0 GB,Windows,64-bit,0 GB,Casual,1 year,No,No,3718,4 stars,138,16
DELL,Intel,Core i5,11th,8 GB,DDR4,512 GB,0 GB,Windows,64-bit,2 GB,ThinNlight,1 year,No,Yes,4455,4 stars,199,17
ASUS,Intel,Core i5,11th,8 GB,DDR4,512 GB,0 GB,Windows,64-bit,0 GB,Casual,1 year,No,Yes,3578,4 stars,46,6
DELL,Intel,Core i5,11th,8 GB,DDR4,512 GB,0 GB,Windows,64-bit,0 GB,Casual,1 year,Yes,Yes,4992,4 stars,45,5
DELL,Intel,Core i5,11th,8 GB,LPDDR4X,512 GB,0 GB,Windows,64-bit,0 GB,ThinNlight,1 year,No,Yes,7704,3 stars,0,0
DELL,Intel,Core i5,11th,8 GB,DDR4,512 GB,0 GB,Windows,64-bit,2 GB,ThinNlight,No warranty,No,No,4153,4 stars,35,4
APPLE,Intel,Core i5,10th,8 GB,LPDDR4X,512 GB,0 GB,Mac,64-bit,0 GB,Casual,1 year,No,No,10719,4 stars,32,5
APPLE,Intel,Core i5,8th,8 GB,DDR3,512 GB,0 GB,Mac,64-bit,0 GB,Casual,1 year,No,No,11530,4 stars,108,13
MSI,Intel,Core i5,11th,8 GB,DDR4,512 GB,0 GB,Windows,64-bit,4 GB,Casual,No warranty,No,No,5024,3 stars,0,0
MSI,Intel,Core i5,10th,8 GB,DDR4,512 GB,0 GB,Windows,64-bit,0 GB,Casual,1 year,No,No,3785,4 stars,814,112
Lenovo,Intel,Core i5,10th,8 GB,DDR4,512 GB,0 GB,Windows,64-bit,0 GB,ThinNlight,3 years,No,No,9849,3 stars,0,0
Lenovo,Intel,Core i5,11th,8 GB,DDR4,512 GB,0 GB,Windows,64-bit,0 GB,ThinNlight,1 year,No,Yes,3751,4 stars,75,9
HP,Intel,Core i5,11th,8 GB,DDR4,512 GB,0 GB,Windows,64-bit,4 GB,Gaming,1 year,No,Yes,5225,3 stars,0,0
HP,Intel,Core i5,10th,8 GB,DDR4,512 GB,0 GB,Windows,64-bit,4 GB,Casual,1 year,No,Yes,7135,4 stars,3,0
Lenovo,Intel,Core i5,11th,8 GB,DDR4,512 GB,0 GB,Windows,32-bit,2 GB,Casual,1 year,No,Yes,4756,4 stars,11,3
Lenovo,Intel,Core i5,11th,8 GB,DDR4,512 GB,0 GB,Windows,64-bit,0 GB,Casual,1 year,No,Yes,4354,4 stars,125,11
acer,Intel,Core i5,11th,8 GB,DDR4,512 GB,0 GB,Windows,64-bit,0 GB,Casual,1 year,No,No,3885,3 stars,0,0
ASUS,Intel,Core i5,10th,8 GB,DDR4,512 GB,0 GB,Windows,64-bit,4 GB,Gaming,1 year,No,No,4354,4 stars,4,0
MSI,Intel,Core i5,10th,8 GB,DDR4,512 GB,0 GB,Windows,64-bit,0 GB,Casual,1 year,No,No,3684,4 stars,714,147
HP,Intel,Core i5,11th,8 GB,LPDDR4X,512 GB,0 GB,Windows,64-bit,0 GB,Casual,No warranty,Yes,No,7504,3 stars,0,0
Lenovo,Intel,Core i5,10th,8 GB,LPDDR4X,512 GB,0 GB,Windows,64-bit,2 GB,Casual,1 year,No,Yes,4743,4 stars,21,3
Lenovo,Intel,Core i5,9th,8 GB,DDR4,512 GB,0 GB,Windows,64-bit,4 GB,Casual,No warranty,No,No,4019,3 stars,9,1
acer,Intel,Core i5,8th,8 GB,DDR4,512 GB,0 GB,Windows,64-bit,4 GB,Casual,1 year,No,No,6666,3 stars,0,0
HP,Intel,Core i5,10th,8 GB,DDR4,512 GB,0 GB,Windows,64-bit,0 GB,ThinNlight,1 year,No,Yes,3751,4 stars,30,4
ASUS,Intel,Core i5,8th,8 GB,LPDDR3,512 GB,0 GB,Windows,64-bit,0 GB,ThinNlight,1 year,No,No,4890,4 stars,44,4
acer,Intel,Core i5,8th,8 GB,DDR3,512 GB,0 GB,Windows,64-bit,0 GB,ThinNlight,1 year,No,No,4354,3 stars,4,1
ASUS,Intel,Core i5,11th,8 GB,DDR4,512 GB,0 GB,Windows,64-bit,0 GB,ThinNlight,No warranty,No,No,3885,3 stars,0,0
HP,Intel,Core i5,11th,8 GB,DDR4,512 GB,0 GB,Windows,64-bit,2 GB,Casual,1 year,Yes,Yes,5158,4 stars,14,2
Lenovo,Intel,Core i5,11th,8 GB,DDR4,512 GB,0 GB,Windows,64-bit,0 GB,Casual,2 years,No,Yes,4221,4 stars,739,71
DELL,Intel,Core i5,11th,8 GB,DDR4,512 GB,0 GB,Windows,64-bit,0 GB,Casual,1 year,Yes,Yes,5225,4 stars,31,5
HP,Intel,Core i5,10th,8 GB,DDR4,512 GB,0 GB,Windows,64-bit,0 GB,Casual,1 year,Yes,Yes,7704,4 stars,145,19
DELL,Intel,Core i5,10th,8 GB,DDR4,512 GB,0 GB,Windows,64-bit,2 GB,Casual,1 year,No,Yes,4421,3 stars,0,0
DELL,Intel,Core i5,11th,8 GB,DDR4,512 GB,0 GB,Windows,64-bit,2 GB,Casual,1 year,No,Yes,5962,3 stars,19,2
Lenovo,Intel,Core i5,10th,8 GB,DDR4,512 GB,0 GB,Windows,64-bit,0 GB,Casual,No warranty,No,No,7611,3 stars,0,0
ASUS,Intel,Core i5,11th,8 GB,LPDDR4X,512 GB,0 GB,Windows,64-bit,0 GB,Casual,1 year,Yes,Yes,4957,4 stars,32,6
HP,Intel,Core i5,11th,8 GB,DDR4,512 GB,0 GB,Windows,64-bit,0 GB,ThinNlight,1 year,No,Yes,4087,4 stars,1124,100
ASUS,Intel,Core i5,11th,8 GB,LPDDR4X,512 GB,0 GB,Windows,64-bit,0 GB,Casual,1 year,Yes,No,6699,4 stars,35,6
Lenovo,Intel,Core i5,11th,8 GB,DDR4,512 GB,0 GB,Windows,64-bit,0 GB,ThinNlight,1 year,No,Yes,4555,4 stars,9,0
DELL,Intel,Core i5,11th,8 GB,DDR4,512 GB,0 GB,Windows,64-bit,0 GB,Casual,1 year,Yes,Yes,4744,4 stars,98,6
Lenovo,Intel,Core i5,11th,8 GB,DDR4,512 GB,0 GB,Windows,64-bit,0 GB,ThinNlight,1 year,No,Yes,4421,4 stars,31,2
ASUS,Intel,Core i5,8th,8 GB,DDR4,512 GB,0 GB,Windows,64-bit,0 GB,ThinNlight,1 year,No,No,3597,4 stars,19,3
MSI,Intel,Core i5,11th,8 GB,DDR4,512 GB,0 GB,Windows,64-bit,0 GB,ThinNlight,1 year,No,No,3751,3 stars,0,0
ASUS,Intel,Core i5,11th,8 GB,DDR4,512 GB,0 GB,Windows,64-bit,0 GB,Casual,1 year,No,Yes,3564,4 stars,11,0
Lenovo,Intel,Core i5,10th,8 GB,DDR4,512 GB,0 GB,Windows,32-bit,2 GB,Casual,2 years,No,Yes,3953,4 stars,45,3
DELL,Intel,Core i5,11th,8 GB,DDR4,512 GB,0 GB,Windows,64-bit,2 GB,ThinNlight,3 years,No,No,4823,3 stars,0,0
HP,Intel,Core i5,11th,8 GB,DDR4,512 GB,0 GB,Windows,32-bit,4 GB,Casual,No warranty,No,No,5494,3 stars,0,0
ASUS,Intel,Core i5,11th,8 GB,LPDDR4X,512 GB,0 GB,Windows,64-bit,0 GB,ThinNlight,No warranty,No,No,5694,3 stars,0,0
Lenovo,Intel,Core i5,11th,8 GB,DDR4,512 GB,0 GB,Windows,64-bit,2 GB,Casual,No warranty,No,No,6030,3 stars,0,0
ASUS,Intel,Core i5,11th,8 GB,LPDDR4X,512 GB,0 GB,Windows,64-bit,0 GB,Casual,1 year,Yes,No,6699,3 stars,0,0
ASUS,Intel,Core i5,11th,8 GB,LPDDR4X,512 GB,0 GB,Windows,64-bit,0 GB,ThinNlight,No warranty,No,No,5694,3 stars,0,0
Lenovo,Intel,Core i5,10th,8 GB,DDR4,512 GB,0 GB,Windows,64-bit,4 GB,Gaming,No warranty,No,No,4683,4 stars,474,37
DELL,Intel,Core i5,10th,8 GB,DDR4,512 GB,0 GB,Windows,64-bit,4 GB,Casual,1 year,No,No,5359,3 stars,0,0
DELL,Intel,Core i5,10th,8 GB,DDR4,512 GB,0 GB,Windows,64-bit,4 GB,Casual,1 year,No,No,5112,4 stars,6,0
Lenovo,Intel,Core i5,10th,8 GB,DDR4,512 GB,0 GB,Windows,64-bit,0 GB,Casual,1 year,No,Yes,3752,3 stars,0,0
DELL,Intel,Core i5,11th,8 GB,DDR4,512 GB,0 GB,Windows,64-bit,0 GB,ThinNlight,No warranty,No,No,4884,3 stars,24,4
DELL,Intel,Core i5,11th,8 GB,DDR4,512 GB,0 GB,Windows,64-bit,0 GB,Casual,1 year,Yes,Yes,4957,4 stars,195,17
ASUS,Intel,Core i5,11th,8 GB,LPDDR4,512 GB,0 GB,Windows,64-bit,0 GB,ThinNlight,No warranty,No,No,5694,3 stars,0,0
DELL,Intel,Core i5,11th,8 GB,DDR4,512 GB,0 GB,Windows,32-bit,2 GB,Casual,No warranty,No,No,4926,3 stars,0,0
HP,Intel,Core i5,10th,8 GB,DDR4,512 GB,0 GB,Windows,64-bit,0 GB,Casual,1 year,Yes,No,8442,5 stars,2,1
ASUS,Intel,Core i5,11th,8 GB,DDR4,512 GB,0 GB,Windows,64-bit,6 GB,Casual,1 year,No,No,5962,3 stars,0,0
HP,Intel,Core i5,11th,8 GB,DDR4,512 GB,0 GB,Windows,64-bit,0 GB,ThinNlight,1 year,Yes,Yes,7705,3 stars,0,0
DELL,Intel,Core i5,11th,8 GB,DDR4,512 GB,0 GB,Windows,64-bit,2 GB,Casual,1 year,Yes,Yes,5560,4 stars,21,2
acer,Intel,Core i5,11th,8 GB,DDR4,512 GB,0 GB,Windows,64-bit,0 GB,ThinNlight,No warranty,Yes,No,7370,3 stars,0,0
Lenovo,Intel,Core i5,11th,8 GB,DDR4,512 GB,0 GB,Windows,64-bit,0 GB,ThinNlight,1 year,Yes,Yes,5560,3 stars,0,0
DELL,Intel,Core i5,11th,8 GB,DDR4,512 GB,0 GB,Windows,64-bit,2 GB,Casual,1 year,Yes,Yes,5359,4 stars,5,0
ASUS,Intel,Core i5,11th,8 GB,LPDDR4X,512 GB,0 GB,Windows,64-bit,0 GB,Casual,1 year,Yes,No,7704,3 stars,0,0
HP,Intel,Core i5,11th,8 GB,LPDDR4X,512 GB,0 GB,Windows,64-bit,0 GB,Casual,1 year,Yes,No,8710,3 stars,0,0
MSI,Intel,Core i5,8th,8 GB,DDR5,512 GB,0 GB,Windows,32-bit,6 GB,Casual,No warranty,No,No,10049,4 stars,10,3
DELL,Intel,Core i5,11th,8 GB,DDR4,512 GB,0 GB,Windows,64-bit,2 GB,Casual,No warranty,No,No,4776,3 stars,0,0
DELL,Intel,Core i5,10th,8 GB,DDR4,512 GB,0 GB,Windows,64-bit,0 GB,ThinNlight,1 year,No,Yes,5326,4 stars,10,1
DELL,Intel,Core i5,10th,8 GB,DDR4,512 GB,0 GB,Windows,64-bit,2 GB,Casual,1 year,No,Yes,5560,3 stars,15,3
DELL,Intel,Core i5,11th,8 GB,DDR4,512 GB,0 GB,Windows,64-bit,2 GB,Casual,1 year,No,Yes,4756,4 stars,138,23
ASUS,Intel,Core i5,11th,8 GB,LPDDR4X,512 GB,0 GB,Windows,64-bit,0 GB,Casual,1 year,Yes,No,6699,3 stars,0,0
HP,Intel,Core i5,11th,8 GB,DDR4,512 GB,0 GB,Windows,32-bit,0 GB,Casual,No warranty,No,No,6298,3 stars,0,0
DELL,Intel,Core i5,11th,8 GB,DDR4,512 GB,0 GB,Windows,64-bit,2 GB,Casual,No warranty,Yes,No,5560,4 stars,16,3
MSI,Intel,Core i5,11th,8 GB,LPDDR4X,512 GB,0 GB,Windows,64-bit,0 GB,Casual,1 year,No,No,5359,4 stars,11,4
ASUS,Intel,Core i5,8th,8 GB,DDR4,512 GB,0 GB,Windows,64-bit,0 GB,ThinNlight,No warranty,No,No,5761,3 stars,0,0
ASUS,Intel,Core i5,10th,8 GB,DDR4,512 GB,0 GB,Windows,64-bit,2 GB,Casual,No warranty,No,No,5828,3 stars,0,0
ASUS,Intel,Core i5,10th,8 GB,LPDDR3,512 GB,0 GB,Windows,64-bit,2 GB,Casual,1 year,No,Yes,7101,5 stars,4,0
ASUS,Intel,Core i5,10th,8 GB,LPDDR3,512 GB,0 GB,Windows,64-bit,0 GB,Casual,No warranty,No,No,5694,3 stars,0,0
Lenovo,Intel,Core i5,8th,8 GB,DDR4,512 GB,0 GB,Windows,64-bit,2 GB,Casual,1 year,No,Yes,4020,4 stars,22,3
Lenovo,Intel,Core i5,11th,8 GB,DDR4,512 GB,0 GB,Windows,64-bit,0 GB,Casual,1 year,No,Yes,6164,4 stars,16,2
DELL,Intel,Core i5,11th,8 GB,DDR4,512 GB,0 GB,Windows,64-bit,0 GB,Casual,1 year,Yes,Yes,5286,3 stars,16,1
ASUS,Intel,Core i5,10th,8 GB,LPDDR3,512 GB,0 GB,Windows,64-bit,0 GB,Casual,No warranty,No,No,8897,3 stars,0,0
Lenovo,Intel,Core i5,11th,8 GB,DDR4,512 GB,0 GB,Windows,64-bit,4 GB,Gaming,No warranty,No,No,4086,3 stars,14,6
Avita,Intel,Core i5,7th,8 GB,DDR4,512 GB,0 GB,Windows,64-bit,0 GB,ThinNlight,No warranty,No,No,4392,3 stars,0,0
DELL,Intel,Core i5,11th,16 GB,DDR4,512 GB,0 GB,Windows,64-bit,0 GB,ThinNlight,No warranty,No,No,4703,3 stars,6,3
DELL,Intel,Core i5,11th,8 GB,DDR4,512 GB,0 GB,Windows,64-bit,2 GB,Casual,1 year,Yes,No,5333,3 stars,0,0
Avita,Intel,Core i5,7th,8 GB,DDR4,512 GB,0 GB,Windows,64-bit,0 GB,ThinNlight,No warranty,No,No,4392,3 stars,0,0
ASUS,Intel,Core i5,11th,8 GB,DDR4,512 GB,0 GB,Windows,64-bit,4 GB,Casual,1 year,No,No,5158,3 stars,0,0
Avita,Intel,Core i5,7th,8 GB,DDR4,512 GB,0 GB,Windows,64-bit,0 GB,ThinNlight,No warranty,No,No,4392,3 stars,0,0
Avita,Intel,Core i5,8th,8 GB,DDR4,512 GB,0 GB,Windows,64-bit,0 GB,ThinNlight,No warranty,No,No,3014,3 stars,17,3
ASUS,Intel,Core i5,11th,8 GB,DDR4,512 GB,0 GB,Windows,64-bit,0 GB,Casual,1 year,Yes,Yes,5694,3 stars,17,2
Lenovo,Intel,Core i5,10th,8 GB,DDR4,512 GB,0 GB,Windows,64-bit,2 GB,Casual,1 year,Yes,Yes,5829,4 stars,3,0
HP,Intel,Core i5,11th,16 GB,DDR4,512 GB,0 GB,Windows,64-bit,2 GB,Casual,1 year,No,No,5226,4 stars,512,85
Avita,Intel,Core i5,8th,8 GB,DDR4,512 GB,0 GB,Windows,64-bit,0 GB,ThinNlight,No warranty,No,No,4895,3 stars,17,3
Avita,Intel,Core i5,8th,8 GB,DDR4,512 GB,0 GB,Windows,64-bit,0 GB,ThinNlight,No warranty,No,No,4895,3 stars,17,3
HP,Intel,Core i5,11th,16 GB,DDR4,512 GB,0 GB,Windows,64-bit,4 GB,Casual,1 year,No,Yes,6766,3 stars,0,0
Lenovo,Intel,Core i5,8th,8 GB,DDR4,512 GB,0 GB,Windows,64-bit,0 GB,ThinNlight,1 year,No,Yes,5024,3 stars,3,1
ASUS,Intel,Core i5,10th,8 GB,DDR4,512 GB,0 GB,Windows,64-bit,4 GB,Casual,No warranty,No,No,5091,4 stars,1365,137
Lenovo,Intel,Core i5,11th,8 GB,DDR4,512 GB,0 GB,Windows,32-bit,2 GB,Casual,1 year,No,Yes,5634,3 stars,8,3
ASUS,Intel,Core i5,11th,8 GB,DDR4,1024 GB,0 GB,Windows,64-bit,4 GB,Gaming,No warranty,No,No,5091,4 stars,368,48
ASUS,Intel,Core i5,11th,8 GB,DDR4,1024 GB,0 GB,Windows,64-bit,4 GB,Gaming,1 year,No,Yes,5225,4 stars,202,26
ASUS,Intel,Core i5,10th,8 GB,DDR4,1024 GB,0 GB,Windows,64-bit,4 GB,Casual,1 year,No,No,5225,4 stars,187,26
APPLE,Intel,Core i5,10th,16 GB,LPDDR4X,1024 GB,0 GB,Mac,64-bit,0 GB,Casual,1 year,No,No,12059,4 stars,31,3
APPLE,Intel,Core i5,10th,16 GB,LPDDR4X,1024 GB,0 GB,Mac,64-bit,0 GB,Casual,1 year,No,No,12059,4 stars,91,5
ASUS,Intel,Core i5,10th,8 GB,DDR4,1024 GB,0 GB,Windows,64-bit,4 GB,Casual,No warranty,No,No,5560,4 stars,844,118
ASUS,Intel,Core i5,11th,8 GB,DDR4,1024 GB,0 GB,Windows,64-bit,4 GB,Casual,1 year,No,No,5895,3 stars,0,0
ASUS,Intel,Core i5,11th,8 GB,DDR4,1024 GB,0 GB,Windows,64-bit,4 GB,Casual,No warranty,No,No,5662,4 stars,3,0
DELL,Intel,Core i5,11th,8 GB,LPDDR4X,1024 GB,0 GB,Windows,64-bit,0 GB,ThinNlight,No warranty,No,No,4971,4 stars,21,3
Lenovo,Intel,Core i5,11th,8 GB,DDR4,1024 GB,0 GB,Windows,64-bit,0 GB,ThinNlight,1 year,No,Yes,4354,3 stars,4,0
Lenovo,Intel,Core i5,10th,8 GB,DDR4,512 GB,512 GB,Windows,64-bit,0 GB,ThinNlight,3 years,Yes,No,10413,3 stars,0,0
Lenovo,Intel,Core i5,10th,8 GB,DDR4,512 GB,512 GB,Windows,64-bit,0 GB,ThinNlight,3 years,Yes,No,8401,3 stars,0,0
acer,Intel,Core i5,11th,8 GB,DDR4,0 GB,1024 GB,Windows,64-bit,0 GB,Casual,No warranty,No,No,3349,3 stars,0,0
acer,Intel,Core i5,11th,8 GB,DDR4,0 GB,1024 GB,Windows,64-bit,0 GB,ThinNlight,1 year,No,No,3148,3 stars,253,28
DELL,Intel,Core i5,11th,8 GB,DDR4,0 GB,1024 GB,Windows,64-bit,0 GB,ThinNlight,1 year,No,Yes,3282,3 stars,470,46
acer,Intel,Core i5,8th,8 GB,DDR4,0 GB,1024 GB,Windows,64-bit,2 GB,Casual,1 year,No,Yes,4020,4 stars,118,28
ASUS,Intel,Core i5,10th,8 GB,DDR4,0 GB,1024 GB,Windows,64-bit,0 GB,ThinNlight,1 year,No,No,3148,4 stars,1444,179
MSI,Intel,Core i5,10th,8 GB,DDR4,0 GB,1024 GB,Windows,64-bit,4 GB,Casual,2 years,No,No,3550,4 stars,1114,137
Lenovo,Intel,Core i5,7th,8 GB,DDR4,0 GB,1024 GB,Windows,32-bit,2 GB,Casual,No warranty,No,No,3886,3 stars,0,0
Lenovo,Intel,Core i5,4th,8 GB,DDR3,0 GB,1024 GB,Windows,64-bit,0 GB,Casual,No warranty,No,No,3517,3 stars,78,17
Lenovo,Intel,Core i5,8th,8 GB,DDR4,0 GB,1024 GB,Windows,64-bit,4 GB,Casual,1 year,No,No,3818,4 stars,21,5
acer,Intel,Core i5,8th,8 GB,DDR4,0 GB,1024 GB,Windows,64-bit,2 GB,ThinNlight,1 year,No,No,4153,4 stars,73,21
DELL,Intel,Core i5,11th,8 GB,DDR4,0 GB,1024 GB,Windows,32-bit,0 GB,Casual,No warranty,No,No,3892,3 stars,0,0
ASUS,Intel,Core i5,10th,8 GB,DDR4,0 GB,1024 GB,Windows,64-bit,0 GB,Casual,No warranty,No,No,3818,3 stars,0,0
acer,Intel,Core i5,8th,8 GB,DDR4,0 GB,1024 GB,Windows,64-bit,0 GB,ThinNlight,1 year,No,No,4127,3 stars,0,0
ASUS,Intel,Core i5,8th,8 GB,DDR4,0 GB,1024 GB,Windows,64-bit,0 GB,ThinNlight,No warranty,No,No,5493,3 stars,0,0
ASUS,Intel,Core i5,10th,8 GB,DDR4,0 GB,1024 GB,Windows,64-bit,0 GB,Casual,No warranty,No,No,4104,3 stars,0,0
DELL,Intel,Core i5,11th,8 GB,DDR4,0 GB,1024 GB,Windows,32-bit,0 GB,Casual,No warranty,No,No,3952,3 stars,0,0
ASUS,Intel,Core i5,10th,8 GB,DDR4,0 GB,1024 GB,Windows,64-bit,2 GB,Casual,No warranty,No,No,5627,3 stars,0,0
MSI,Intel,Core i5,10th,8 GB,LPDDR4,0 GB,512 GB,DOS,32-bit,6 GB,Casual,No warranty,No,No,19510,4 stars,7,3
MSI,Intel,Core i5,10th,8 GB,LPDDR4,0 GB,512 GB,DOS,32-bit,6 GB,Casual,No warranty,No,No,9781,4 stars,715,106
MSI,Intel,Core i5,10th,8 GB,LPDDR4,0 GB,512 GB,DOS,32-bit,8 GB,Casual,No warranty,No,No,12059,4 stars,24,5
HP,Intel,Core i5,8th,8 GB,DDR4,0 GB,1024 GB,Windows,64-bit,2 GB,Casual,1 year,No,Yes,4354,4 stars,23,4
HP,Intel,Core i5,8th,8 GB,DDR4,0 GB,1024 GB,Windows,64-bit,0 GB,Casual,1 year,No,No,3135,4 stars,3062,325
HP,Intel,Core i5,7th,4 GB,DDR4,0 GB,1024 GB,Windows,64-bit,0 GB,Casual,1 year,No,No,2988,4 stars,122,12
acer,Intel,Core i5,8th,8 GB,DDR4,0 GB,1024 GB,Windows,64-bit,2 GB,Casual,1 year,No,No,4889,4 stars,18,6
HP,Intel,Core i5,10th,8 GB,DDR4,0 GB,1024 GB,Windows,32-bit,0 GB,Casual,1 year,No,Yes,3269,3 stars,11,1
acer,Intel,Core i5,10th,8 GB,DDR4,0 GB,1024 GB,Windows,64-bit,2 GB,Casual,1 year,No,No,3785,3 stars,30,6
ASUS,Intel,Core i5,11th,8 GB,DDR4,256 GB,1024 GB,Windows,32-bit,0 GB,Casual,1 year,No,Yes,3416,4 stars,1188,127
ASUS,Intel,Core i5,10th,8 GB,DDR4,256 GB,1024 GB,Windows,64-bit,4 GB,Gaming,No warranty,No,No,3751,4 stars,23,0
acer,Intel,Core i5,11th,8 GB,DDR4,256 GB,1024 GB,Windows,64-bit,0 GB,Casual,1 year,No,No,3885,4 stars,32,1
ASUS,Intel,Core i5,11th,8 GB,DDR4,256 GB,1024 GB,Windows,64-bit,0 GB,Casual,1 year,No,No,3550,3 stars,0,0
DELL,Intel,Core i5,11th,8 GB,DDR4,256 GB,1024 GB,Windows,64-bit,0 GB,Casual,1 year,No,No,3885,4 stars,47,0
acer,Intel,Core i5,11th,8 GB,DDR4,256 GB,1024 GB,Windows,64-bit,0 GB,ThinNlight,1 year,No,No,3818,4 stars,27,2
acer,Intel,Core i5,11th,8 GB,DDR4,256 GB,1024 GB,Windows,64-bit,0 GB,Casual,No warranty,No,No,3718,3 stars,8,3
DELL,Intel,Core i5,11th,8 GB,DDR4,256 GB,1024 GB,Windows,64-bit,2 GB,Casual,1 year,No,No,4187,3 stars,157,20
ASUS,Intel,Core i5,11th,16 GB,DDR4,256 GB,1024 GB,Windows,64-bit,0 GB,Casual,1 year,No,No,4354,4 stars,10,1
Lenovo,Intel,Core i5,11th,8 GB,DDR4,256 GB,1024 GB,Windows,64-bit,2 GB,Casual,1 year,No,Yes,4019,4 stars,52,4
ASUS,Intel,Core i5,11th,8 GB,DDR4,256 GB,1024 GB,Windows,64-bit,2 GB,Casual,1 year,No,Yes,4033,4 stars,33,4
ASUS,Intel,Core i5,9th,8 GB,DDR4,256 GB,1024 GB,Windows,64-bit,4 GB,Gaming,No warranty,No,No,3651,4 stars,343,47
Lenovo,Intel,Core i5,9th,8 GB,DDR4,256 GB,1024 GB,Windows,64-bit,4 GB,Casual,1 year,No,Yes,4086,4 stars,131,17
DELL,Intel,Core i5,11th,4 GB,DDR4,256 GB,1024 GB,Windows,64-bit,0 GB,ThinNlight,1 year,No,Yes,3738,4 stars,41,4
ASUS,Intel,Core i5,11th,16 GB,DDR4,256 GB,1024 GB,Windows,64-bit,0 GB,Casual,1 year,No,Yes,4354,4 stars,328,51
ASUS,Intel,Core i5,11th,16 GB,DDR4,256 GB,1024 GB,Windows,64-bit,0 GB,ThinNlight,No warranty,No,No,3952,4 stars,6,1
DELL,Intel,Core i5,11th,8 GB,DDR4,256 GB,1024 GB,Windows,64-bit,0 GB,ThinNlight,1 year,No,Yes,3684,3 stars,353,28
HP,Intel,Core i5,11th,8 GB,DDR4,256 GB,1024 GB,Windows,64-bit,4 GB,Gaming,1 year,No,Yes,4823,4 stars,127,20
DELL,Intel,Core i5,11th,8 GB,DDR4,256 GB,1024 GB,Windows,64-bit,2 GB,Casual,1 year,No,No,4683,3 stars,0,0
Lenovo,Intel,Core i5,11th,8 GB,DDR4,256 GB,1024 GB,Windows,64-bit,2 GB,Casual,1 year,No,Yes,4421,4 stars,241,19
ASUS,Intel,Core i5,11th,8 GB,DDR4,256 GB,1024 GB,Windows,64-bit,0 GB,Casual,1 year,No,No,3349,3 stars,22,2
DELL,Intel,Core i5,11th,8 GB,DDR4,256 GB,1024 GB,Windows,64-bit,0 GB,ThinNlight,1 year,No,Yes,3952,4 stars,8,1
Lenovo,Intel,Core i5,10th,8 GB,DDR4,256 GB,1024 GB,Windows,64-bit,4 GB,Gaming,No warranty,No,No,4998,4 stars,898,128
ASUS,Intel,Core i5,10th,8 GB,DDR4,256 GB,1024 GB,Windows,32-bit,2 GB,Casual,No warranty,No,No,3952,5 stars,1,1
ASUS,Intel,Core i5,11th,8 GB,DDR4,256 GB,1024 GB,Windows,64-bit,0 GB,Casual,1 year,No,No,4354,3 stars,0,0
DELL,Intel,Core i5,11th,8 GB,DDR4,256 GB,1024 GB,Windows,64-bit,2 GB,Casual,No warranty,No,No,4455,3 stars,6,1
DELL,Intel,Core i5,10th,8 GB,DDR4,256 GB,1024 GB,Windows,64-bit,4 GB,Casual,No warranty,No,No,5219,4 stars,179,34
DELL,Intel,Core i5,11th,8 GB,DDR4,256 GB,1024 GB,Windows,64-bit,2 GB,Casual,No warranty,No,No,4522,3 stars,41,5
DELL,Intel,Core i5,11th,8 GB,DDR4,256 GB,1024 GB,Windows,64-bit,0 GB,ThinNlight,1 year,No,Yes,4153,3 stars,0,0
DELL,Intel,Core i5,11th,8 GB,DDR4,256 GB,1024 GB,Windows,64-bit,0 GB,Casual,1 year,No,Yes,3952,4 stars,114,9
Lenovo,Intel,Core i5,10th,8 GB,DDR4,256 GB,1024 GB,Windows,64-bit,4 GB,Gaming,No warranty,No,No,5025,4 stars,268,25
ASUS,Intel,Core i5,11th,8 GB,DDR4,256 GB,1024 GB,Windows,64-bit,0 GB,Casual,1 year,No,Yes,4616,5 stars,6,1
DELL,Intel,Core i5,11th,8 GB,DDR4,256 GB,1024 GB,Windows,64-bit,2 GB,Casual,No warranty,No,No,4804,4 stars,153,16
acer,Intel,Core i5,11th,16 GB,DDR4,256 GB,1024 GB,Windows,64-bit,0 GB,Casual,No warranty,No,No,4187,3 stars,8,0
DELL,Intel,Core i5,8th,8 GB,DDR4,0 GB,2048 GB,Windows,64-bit,2 GB,Casual,1 year,No,Yes,4175,4 stars,377,53
MSI,Intel,Core i5,10th,8 GB,LPDDR4,0 GB,512 GB,DOS,32-bit,8 GB,Casual,No warranty,No,No,13888,3 stars,0,0
DELL,Intel,Core i7,8th,16 GB,DDR4,256 GB,0 GB,Windows,64-bit,4 GB,Casual,1 year,No,Yes,5895,4 stars,120,21
Avita,Intel,Core i7,8th,8 GB,DDR4,256 GB,0 GB,Windows,64-bit,0 GB,ThinNlight,No warranty,No,No,4957,3 stars,0,0
Avita,Intel,Core i7,8th,8 GB,DDR4,256 GB,0 GB,Windows,64-bit,0 GB,ThinNlight,No warranty,No,No,4957,3 stars,0,0
Avita,Intel,Core i7,8th,8 GB,DDR4,256 GB,0 GB,Windows,64-bit,0 GB,ThinNlight,No warranty,No,No,4957,3 stars,0,0
Avita,Intel,Core i7,8th,8 GB,DDR4,256 GB,0 GB,Windows,64-bit,0 GB,ThinNlight,No warranty,No,No,4957,3 stars,0,0
Avita,Intel,Core i7,8th,8 GB,DDR4,256 GB,0 GB,Windows,64-bit,0 GB,ThinNlight,No warranty,No,No,4957,3 stars,0,0
Avita,Intel,Core i7,8th,8 GB,DDR4,256 GB,0 GB,Windows,64-bit,0 GB,ThinNlight,No warranty,No,No,4957,3 stars,0,0
ASUS,Intel,Core i7,10th,16 GB,DDR4,512 GB,0 GB,Windows,64-bit,0 GB,Casual,1 year,No,No,3885,4 stars,76,9
ASUS,Intel,Core i7,10th,8 GB,DDR4,512 GB,0 GB,Windows,64-bit,4 GB,Gaming,No warranty,No,No,4153,4 stars,11,2
MSI,Intel,Core i7,10th,16 GB,DDR4,512 GB,0 GB,Windows,64-bit,4 GB,Casual,2 years,No,No,5359,4 stars,484,56
Lenovo,Intel,Core i7,10th,8 GB,DDR4,512 GB,0 GB,Windows,64-bit,4 GB,Gaming,1 year,No,Yes,4622,4 stars,44,2
Lenovo,Intel,Core i7,11th,16 GB,DDR4,512 GB,0 GB,Windows,64-bit,0 GB,Casual,1 year,Yes,Yes,5761,4 stars,77,10
Lenovo,Intel,Core i7,11th,16 GB,DDR4,512 GB,0 GB,Windows,64-bit,4 GB,Casual,1 year,No,Yes,6699,4 stars,11,3
ASUS,Intel,Core i7,11th,8 GB,DDR4,512 GB,0 GB,Windows,64-bit,0 GB,Casual,1 year,No,Yes,5225,4 stars,21,5
Lenovo,Intel,Core i7,11th,8 GB,DDR4,512 GB,0 GB,Windows,64-bit,4 GB,Gaming,No warranty,No,No,5359,4 stars,5,2
HP,Intel,Core i7,11th,16 GB,DDR4,512 GB,0 GB,Windows,64-bit,4 GB,Casual,1 year,No,Yes,6244,5 stars,4,0
ASUS,Intel,Core i7,11th,16 GB,LPDDR4X,512 GB,0 GB,Windows,64-bit,0 GB,Casual,1 year,No,Yes,6364,3 stars,0,0
Lenovo,Intel,Core i7,11th,16 GB,DDR4,512 GB,0 GB,Windows,64-bit,0 GB,Casual,3 years,Yes,Yes,5694,4 stars,13,2
MSI,Intel,Core i7,10th,8 GB,DDR4,512 GB,0 GB,Windows,64-bit,0 GB,ThinNlight,No warranty,No,No,3885,4 stars,15,0
HP,Intel,Core i7,11th,16 GB,DDR4,512 GB,0 GB,Windows,64-bit,0 GB,Casual,1 year,Yes,Yes,6900,4 stars,11,2
DELL,Intel,Core i7,11th,16 GB,DDR4,512 GB,0 GB,Windows,64-bit,4 GB,Casual,1 year,No,No,6699,3 stars,0,0
ASUS,Intel,Core i7,11th,16 GB,DDR4,512 GB,0 GB,Windows,64-bit,4 GB,Gaming,No warranty,No,No,6364,4 stars,118,15
HP,Intel,Core i7,11th,16 GB,DDR4,512 GB,0 GB,Windows,64-bit,0 GB,Casual,1 year,Yes,Yes,6968,3 stars,0,0
MSI,Intel,Core i7,11th,16 GB,DDR4,512 GB,0 GB,Windows,64-bit,2 GB,Casual,No warranty,No,No,5158,3 stars,0,0
HP,Intel,Core i7,11th,16 GB,DDR4,512 GB,0 GB,Windows,64-bit,4 GB,Gaming,1 year,No,Yes,6043,4 stars,6,1
Lenovo,Intel,Core i7,11th,16 GB,DDR4,512 GB,0 GB,Windows,32-bit,0 GB,Casual,No warranty,Yes,No,5929,3 stars,0,0
MSI,Intel,Core i7,10th,16 GB,DDR4,512 GB,0 GB,Windows,64-bit,4 GB,Casual,1 year,No,No,7369,4 stars,138,30
MSI,Intel,Core i7,11th,16 GB,DDR4,512 GB,0 GB,Windows,64-bit,4 GB,Casual,No warranty,No,No,5828,3 stars,0,0
MSI,Intel,Core i7,11th,16 GB,LPDDR4X,512 GB,0 GB,Windows,64-bit,0 GB,Casual,1 year,No,No,6029,3 stars,0,0
HP,Intel,Core i7,10th,16 GB,LPDDR3,512 GB,0 GB,Windows,64-bit,0 GB,Casual,1 year,Yes,Yes,16064,3 stars,0,0
ASUS,Intel,Core i7,11th,16 GB,DDR4,512 GB,0 GB,Windows,64-bit,2 GB,Casual,1 year,No,Yes,5292,4 stars,35,4
DELL,Intel,Core i7,8th,16 GB,DDR3,512 GB,0 GB,Windows,64-bit,0 GB,ThinNlight,1 year,No,Yes,8167,1 star,3,0
ASUS,Intel,Core i7,8th,16 GB,LPDDR3,512 GB,0 GB,Windows,64-bit,0 GB,ThinNlight,1 year,No,No,5761,4 stars,18,0
MSI,Intel,Core i7,11th,16 GB,DDR4,512 GB,0 GB,Windows,64-bit,4 GB,Casual,2 years,No,No,6364,3 stars,0,0
HP,Intel,Core i7,11th,16 GB,DDR4,512 GB,0 GB,Windows,64-bit,4 GB,Gaming,1 year,No,Yes,6164,4 stars,8,1
HP,Intel,Core i7,10th,16 GB,DDR4,512 GB,0 GB,Windows,64-bit,0 GB,Casual,1 year,Yes,No,10920,3 stars,3,1
DELL,Intel,Core i7,11th,16 GB,LPDDR4X,512 GB,0 GB,Windows,64-bit,0 GB,ThinNlight,1 year,No,Yes,9065,5 stars,5,2
MSI,Intel,Core i7,11th,16 GB,DDR4,512 GB,0 GB,Windows,64-bit,0 GB,Casual,No warranty,No,No,4354,4 stars,33,5
Lenovo,Intel,Core i7,10th,16 GB,DDR4,512 GB,0 GB,Windows,64-bit,0 GB,ThinNlight,3 years,No,No,11693,3 stars,0,0
Lenovo,Intel,Core i7,10th,16 GB,DDR4,512 GB,0 GB,Windows,64-bit,0 GB,ThinNlight,No warranty,No,No,10874,3 stars,0,0
DELL,Intel,Core i7,10th,16 GB,DDR4,512 GB,0 GB,Windows,64-bit,0 GB,Casual,1 year,Yes,Yes,7316,3 stars,0,0
HP,Intel,Core i7,11th,16 GB,DDR4,512 GB,0 GB,Windows,64-bit,0 GB,Casual,1 year,Yes,Yes,6700,3 stars,0,0
MSI,Intel,Core i7,10th,16 GB,DDR4,512 GB,0 GB,Windows,64-bit,2 GB,Casual,1 year,No,No,7034,4 stars,85,9
ASUS,Intel,Core i7,11th,16 GB,LPDDR4X,512 GB,0 GB,Windows,64-bit,0 GB,ThinNlight,No warranty,Yes,No,7369,3 stars,0,0
ASUS,Intel,Core i7,8th,16 GB,DDR3,512 GB,0 GB,Windows,64-bit,0 GB,ThinNlight,1 year,No,No,6699,4 stars,30,7
Lenovo,Intel,Core i7,8th,16 GB,DDR4,512 GB,0 GB,Windows,64-bit,2 GB,ThinNlight,No warranty,No,No,16402,3 stars,0,0
ASUS,Intel,Core i7,11th,16 GB,LPDDR4X,512 GB,0 GB,Windows,64-bit,0 GB,ThinNlight,No warranty,No,No,6364,3 stars,0,0
Lenovo,Intel,Core i7,8th,16 GB,DDR4,512 GB,0 GB,Windows,64-bit,0 GB,ThinNlight,1 year,No,Yes,5762,3 stars,0,0
Lenovo,Intel,Core i7,10th,16 GB,DDR4,512 GB,0 GB,Windows,32-bit,2 GB,Casual,No warranty,No,No,10881,3 stars,0,0
HP,Intel,Core i7,11th,16 GB,DDR4,512 GB,0 GB,Windows,32-bit,0 GB,Casual,No warranty,No,No,8013,3 stars,0,0
Lenovo,Intel,Core i7,10th,16 GB,LPDDR3,512 GB,0 GB,Windows,64-bit,0 GB,ThinNlight,No warranty,No,No,14187,3 stars,0,0
Lenovo,Intel,Core i7,11th,16 GB,DDR4,512 GB,0 GB,Windows,32-bit,0 GB,Casual,No warranty,No,No,7437,3 stars,0,0
DELL,Intel,Core i7,11th,16 GB,DDR4,512 GB,0 GB,Windows,64-bit,4 GB,Casual,1 year,No,No,6699,3 stars,0,0
ASUS,Intel,Core i7,8th,8 GB,LPDDR3,512 GB,0 GB,Windows,64-bit,0 GB,ThinNlight,1 year,No,No,5493,4 stars,40,4
MSI,Intel,Core i7,9th,8 GB,DDR4,512 GB,0 GB,Windows,64-bit,4 GB,Casual,2 years,No,No,4488,4 stars,1639,230
MSI,Intel,Core i7,10th,16 GB,DDR4,1024 GB,0 GB,Windows,64-bit,6 GB,Casual,2 years,No,No,5694,4 stars,498,64
ASUS,Intel,Core i7,11th,16 GB,LPDDR4X,1024 GB,0 GB,Windows,64-bit,2 GB,Casual,1 year,Yes,Yes,7034,3 stars,0,0
ASUS,Intel,Core i7,11th,16 GB,LPDDR4X,1024 GB,0 GB,Windows,64-bit,0 GB,Casual,1 year,Yes,No,9044,3 stars,0,0
ASUS,Intel,Core i7,11th,16 GB,DDR4,1024 GB,0 GB,Windows,64-bit,4 GB,Gaming,No warranty,No,No,6632,4 stars,445,56
HP,Intel,Core i7,10th,16 GB,DDR4,1024 GB,0 GB,Windows,64-bit,6 GB,Casual,1 year,No,Yes,9694,4 stars,17,4
ASUS,Intel,Core i7,11th,16 GB,LPDDR4X,1024 GB,0 GB,Windows,64-bit,0 GB,ThinNlight,No warranty,No,No,6699,3 stars,0,0
MSI,Intel,Core i7,11th,16 GB,DDR4,1024 GB,0 GB,Windows,64-bit,6 GB,Casual,2 years,No,No,8039,4 stars,20,3
ASUS,Intel,Core i7,11th,16 GB,DDR4,1024 GB,0 GB,Windows,32-bit,4 GB,Casual,1 year,No,No,13064,3 stars,0,0
ASUS,Intel,Core i7,10th,16 GB,LPDDR3,1024 GB,0 GB,Windows,64-bit,2 GB,Casual,1 year,No,Yes,8374,4 stars,17,1
DELL,Intel,Core i7,11th,16 GB,DDR4,1024 GB,0 GB,Windows,64-bit,2 GB,Casual,No warranty,No,No,8201,3 stars,0,0
HP,Intel,Core i7,10th,16 GB,DDR4,1024 GB,0 GB,Windows,64-bit,0 GB,Casual,1 year,Yes,No,12059,4 stars,13,5
MSI,Intel,Core i7,11th,16 GB,DDR4,1024 GB,0 GB,Windows,64-bit,4 GB,Casual,2 years,Yes,No,10384,4 stars,3,2
Lenovo,Intel,Core i7,11th,16 GB,LPDDR4X,1024 GB,0 GB,Windows,64-bit,0 GB,Casual,1 year,No,Yes,8240,3 stars,4,2
ASUS,Intel,Core i7,10th,16 GB,DDR4,1024 GB,0 GB,Windows,64-bit,6 GB,Casual,1 year,Yes,No,15074,4 stars,9,0
MSI,Intel,Core i7,12th,16 GB,DDR5,1024 GB,0 GB,Windows,64-bit,8 GB,Casual,No warranty,No,No,18759,3 stars,0,0
HP,Intel,Core i7,11th,16 GB,DDR4,1024 GB,0 GB,Windows,64-bit,4 GB,Casual,No warranty,No,No,8173,3 stars,0,0
HP,Intel,Core i7,11th,16 GB,DDR4,1024 GB,0 GB,Windows,64-bit,4 GB,Casual,No warranty,No,No,7838,3 stars,0,0
Lenovo,Intel,Core i7,11th,16 GB,DDR4,1024 GB,0 GB,Windows,64-bit,6 GB,Casual,No warranty,No,No,10124,4 stars,7,0
MSI,Intel,Core i7,11th,16 GB,DDR4,1024 GB,0 GB,Windows,64-bit,8 GB,Casual,2 years,No,No,8709,4 stars,14,3
HP,Intel,Core i7,11th,16 GB,LPDDR4X,1024 GB,0 GB,Windows,64-bit,0 GB,Casual,1 year,Yes,No,10050,3 stars,0,0
MSI,Intel,Core i7,12th,16 GB,DDR4,1024 GB,0 GB,Windows,64-bit,6 GB,Casual,No warranty,No,No,9379,4 stars,4,2
acer,Intel,Core i7,11th,16 GB,DDR4,1024 GB,0 GB,Windows,64-bit,6 GB,Casual,1 year,No,No,8709,4 stars,54,7
HP,Intel,Core i7,11th,16 GB,DDR4,1024 GB,0 GB,Windows,64-bit,8 GB,Casual,1 year,No,Yes,11523,3 stars,0,0
DELL,Intel,Core i7,11th,16 GB,DDR4,1024 GB,0 GB,Windows,64-bit,2 GB,Casual,1 year,No,Yes,6295,4 stars,4,0
ASUS,Intel,Core i7,10th,16 GB,DDR4,1024 GB,0 GB,Windows,64-bit,8 GB,Casual,No warranty,No,No,15744,3 stars,0,0
HP,Intel,Core i7,11th,16 GB,LPDDR4X,1024 GB,0 GB,Windows,64-bit,0 GB,Casual,1 year,Yes,Yes,8610,3 stars,3,1
Lenovo,Intel,Core i7,11th,16 GB,DDR4,1024 GB,0 GB,Windows,64-bit,0 GB,Casual,1 year,Yes,Yes,6900,4 stars,16,2
ASUS,Intel,Core i7,11th,16 GB,LPDDR4X,1024 GB,0 GB,Windows,64-bit,0 GB,Casual,1 year,Yes,No,8039,4 stars,8,1
ASUS,Intel,Core i7,11th,16 GB,DDR4,1024 GB,0 GB,Windows,32-bit,6 GB,Casual,No warranty,No,No,8106,3 stars,0,0
ASUS,Intel,Core i7,11th,16 GB,DDR4,1024 GB,0 GB,Windows,32-bit,6 GB,Casual,1 year,No,No,10536,4 stars,7,0
Lenovo,Intel,Core i7,9th,16 GB,DDR4,1024 GB,0 GB,Windows,64-bit,4 GB,ThinNlight,No warranty,No,No,15403,3 stars,0,0
ASUS,Intel,Core i7,11th,16 GB,DDR4,1024 GB,0 GB,Windows,64-bit,6 GB,Casual,1 year,No,No,8810,3 stars,0,0
ASUS,Intel,Core i7,10th,16 GB,LPDDR3,1024 GB,0 GB,Windows,64-bit,0 GB,Casual,No warranty,No,No,10384,5 stars,3,0
ASUS,Intel,Core i7,10th,16 GB,LPDDR3,1024 GB,0 GB,Windows,64-bit,0 GB,Casual,No warranty,No,No,11121,3 stars,0,0
Lenovo,Intel,Core i7,10th,16 GB,LPDDR4X,1024 GB,0 GB,Windows,64-bit,0 GB,ThinNlight,No warranty,No,No,8039,2 stars,2,1
ASUS,Intel,Core i7,10th,16 GB,LPDDR3,1024 GB,0 GB,Windows,64-bit,0 GB,Casual,No warranty,No,No,11255,3 stars,0,0
HP,Intel,Core i7,11th,16 GB,LPDDR4X,1024 GB,0 GB,Windows,64-bit,0 GB,Casual,1 year,Yes,No,11055,3 stars,0,0
Avita,Intel,Core i7,10th,16 GB,DDR4,1024 GB,0 GB,Windows,64-bit,0 GB,ThinNlight,No warranty,No,No,4220,3 stars,207,49
Lenovo,Intel,Core i7,11th,16 GB,LPDDR4,1024 GB,0 GB,Windows,64-bit,0 GB,Casual,1 year,No,Yes,5761,3 stars,7,2
HP,Intel,Core i7,11th,16 GB,DDR4,1024 GB,0 GB,Windows,64-bit,2 GB,Casual,1 year,No,Yes,6364,3 stars,0,0
HP,Intel,Core i7,11th,16 GB,DDR4,1024 GB,0 GB,Windows,64-bit,6 GB,Casual,1 year,No,Yes,9178,3 stars,0,0
Lenovo,Intel,Core i7,10th,16 GB,DDR4,1024 GB,0 GB,Windows,64-bit,8 GB,Casual,1 year,No,Yes,15744,3 stars,0,0
acer,Intel,Core i7,10th,16 GB,DDR4,2048 GB,0 GB,Windows,64-bit,8 GB,Casual,1 year,No,No,10719,3 stars,4,0
ASUS,Intel,Core i7,10th,16 GB,LPDDR3,2048 GB,0 GB,Windows,64-bit,0 GB,Casual,No warranty,No,No,15677,3 stars,0,0
ASUS,Intel,Core i7,10th,16 GB,DDR4,0 GB,1024 GB,Windows,64-bit,2 GB,Casual,No warranty,No,No,6297,3 stars,0,0
HP,Intel,Core i7,8th,16 GB,DDR4,128 GB,1024 GB,Windows,64-bit,4 GB,Casual,1 year,No,No,7835,3 stars,0,0
MSI,Intel,Core i7,10th,8 GB,DDR4,256 GB,1024 GB,Windows,64-bit,4 GB,Casual,2 years,No,No,4287,4 stars,794,83
ASUS,Intel,Core i7,10th,16 GB,DDR4,256 GB,1024 GB,Windows,64-bit,4 GB,Gaming,No warranty,No,No,4488,4 stars,25,4
ASUS,Intel,Core i7,11th,16 GB,DDR4,256 GB,1024 GB,Windows,32-bit,0 GB,ThinNlight,No warranty,No,No,5528,3 stars,0,0
acer,Intel,Core i7,10th,16 GB,DDR4,256 GB,1024 GB,Windows,64-bit,6 GB,Casual,1 year,No,No,8039,4 stars,2038,313
MSI,Intel,Core i7,10th,16 GB,DDR4,256 GB,1024 GB,Windows,64-bit,4 GB,Casual,3 years,No,No,10719,3 stars,0,0
ASUS,Intel,Core i7,8th,16 GB,DDR4,256 GB,1024 GB,Windows,64-bit,0 GB,ThinNlight,No warranty,No,No,6627,3 stars,0,0
acer,Intel,Core i7,11th,16 GB,DDR4,512 GB,1024 GB,Windows,64-bit,4 GB,Casual,1 year,No,No,6230,4 stars,214,37
acer,Intel,Core i7,11th,16 GB,DDR4,512 GB,1024 GB,Windows,32-bit,6 GB,Casual,1 year,No,No,8039,4 stars,342,54
acer,Intel,Core i9,11th,32 GB,DDR4,1024 GB,0 GB,Windows,64-bit,8 GB,Casual,1 year,No,No,11389,3 stars,0,0
acer,Intel,Core i9,11th,16 GB,DDR4,1024 GB,0 GB,Windows,64-bit,6 GB,Casual,1 year,No,No,9379,3 stars,0,0
MSI,Intel,Core i9,11th,16 GB,DDR4,1024 GB,0 GB,Windows,64-bit,6 GB,Casual,No warranty,No,No,12930,3 stars,0,0
ASUS,Intel,Core i9,12th,16 GB,DDR5,1024 GB,0 GB,Windows,64-bit,6 GB,Casual,No warranty,No,No,20099,3 stars,0,0
ASUS,Intel,Core i9,10th,16 GB,DDR4,1024 GB,0 GB,Windows,64-bit,6 GB,Casual,1 year,Yes,No,18089,4 stars,8,1
ASUS,Intel,Core i9,11th,16 GB,DDR4,1024 GB,0 GB,Windows,64-bit,6 GB,Gaming,1 year,No,No,9379,3 stars,0,0
Lenovo,Intel,Core i9,10th,16 GB,DDR4,1024 GB,0 GB,Windows,32-bit,8 GB,Casual,No warranty,No,No,17822,3 stars,0,0
ASUS,Intel,Core i9,11th,16 GB,DDR4,3072 GB,0 GB,Windows,32-bit,6 GB,Casual,1 year,No,No,29613,5 stars,1,1
MSI,Intel,Core i5,10th,8 GB,LPDDR4,0 GB,512 GB,DOS,32-bit,4 GB,Casual,No warranty,No,No,5828,4 stars,218,27
MSI,Intel,Core i5,10th,8 GB,LPDDR4,0 GB,512 GB,DOS,32-bit,6 GB,Casual,No warranty,No,No,7369,4 stars,78,16
MSI,Intel,Core i5,10th,8 GB,LPDDR4,0 GB,512 GB,DOS,32-bit,4 GB,Casual,No warranty,No,No,7343,4 stars,5,2
ASUS,Intel,Core i7,10th,16 GB,LPDDR4X,0 GB,512 GB,DOS,32-bit,6 GB,Casual,No warranty,No,No,9815,3 stars,2,1
APPLE,M1,M1,10th,8 GB,DDR4,256 GB,0 GB,Mac,64-bit,0 GB,Casual,1 year,No,No,5761,4 stars,6725,629
APPLE,M1,M1,10th,8 GB,DDR4,256 GB,0 GB,Mac,64-bit,0 GB,Casual,1 year,No,No,7570,4 stars,640,70
APPLE,M1,M1,10th,16 GB,DDR4,256 GB,0 GB,Mac,64-bit,0 GB,Casual,1 year,No,No,7034,4 stars,45,4
APPLE,M1,M1,10th,8 GB,DDR4,256 GB,0 GB,Mac,64-bit,0 GB,Casual,1 year,No,No,7570,4 stars,640,70
APPLE,M1,M1,10th,16 GB,DDR4,256 GB,0 GB,Mac,64-bit,0 GB,Casual,1 year,No,No,8910,4 stars,640,70
APPLE,M1,M1,10th,16 GB,DDR4,256 GB,0 GB,Mac,64-bit,0 GB,Casual,1 year,No,No,7034,4 stars,45,4
APPLE,M1,M1,10th,8 GB,DDR4,256 GB,0 GB,Mac,64-bit,0 GB,Casual,1 year,No,No,5761,4 stars,6725,629
APPLE,M1,M1,10th,16 GB,DDR4,512 GB,0 GB,Mac,64-bit,0 GB,Casual,1 year,No,No,10049,4 stars,640,70
APPLE,M1,M1,10th,8 GB,DDR4,512 GB,0 GB,Mac,64-bit,0 GB,Casual,1 year,No,No,8441,4 stars,399,45
APPLE,M1,M1,10th,8 GB,DDR4,512 GB,0 GB,Mac,64-bit,0 GB,Casual,1 year,No,No,6967,4 stars,809,91
APPLE,M1,M1,10th,8 GB,DDR4,512 GB,0 GB,Mac,64-bit,0 GB,Casual,1 year,No,No,6833,4 stars,809,91
APPLE,M1,M1,10th,8 GB,DDR4,512 GB,0 GB,Mac,64-bit,0 GB,Casual,1 year,No,No,7034,4 stars,6725,629
APPLE,M1,M1,10th,8 GB,DDR4,512 GB,0 GB,Mac,64-bit,0 GB,Casual,1 year,No,No,8843,4 stars,399,45
APPLE,M1,M1,10th,16 GB,DDR4,512 GB,0 GB,Mac,64-bit,0 GB,Casual,1 year,No,No,8642,4 stars,45,4
APPLE,M1,M1,10th,16 GB,DDR4,512 GB,0 GB,Mac,64-bit,0 GB,Casual,1 year,No,No,12394,4 stars,42,8
APPLE,M1,M1,10th,16 GB,DDR4,512 GB,0 GB,Mac,64-bit,0 GB,Casual,1 year,No,No,15141,4 stars,42,8
APPLE,M1,M1,10th,4 GB,DDR4,512 GB,0 GB,Mac,64-bit,0 GB,Casual,1 year,No,No,8374,4 stars,45,4
APPLE,M1,M1,10th,8 GB,DDR4,512 GB,0 GB,Mac,64-bit,0 GB,Casual,1 year,No,No,7034,4 stars,6725,629
APPLE,M1,M1,10th,8 GB,DDR4,1024 GB,0 GB,Mac,64-bit,0 GB,Casual,1 year,No,No,10049,4 stars,640,70
APPLE,M1,M1,10th,16 GB,DDR4,1024 GB,0 GB,Mac,64-bit,0 GB,Casual,1 year,No,No,11389,4 stars,640,70
APPLE,M1,M1,10th,16 GB,DDR4,1024 GB,0 GB,Mac,64-bit,0 GB,Casual,1 year,No,No,15141,4 stars,42,8
APPLE,M1,M1,10th,16 GB,DDR4,1024 GB,0 GB,Mac,64-bit,0 GB,Casual,1 year,No,No,16347,4 stars,42,8
APPLE,M1,M1,10th,32 GB,DDR4,1024 GB,0 GB,Mac,64-bit,0 GB,Casual,1 year,No,No,20769,5 stars,3,1
APPLE,M1,M1,10th,16 GB,DDR4,1024 GB,0 GB,Mac,64-bit,0 GB,Casual,1 year,No,No,15141,4 stars,42,8
ASUS,Intel,Pentium Quad,Not Available,4 GB,LPDDR4X,0 GB,512 GB,Windows,64-bit,0 GB,Casual,No warranty,No,No,3081,3 stars,0,0
ASUS,Intel,Pentium Quad,Not Available,4 GB,DDR4,128 GB,0 GB,Windows,32-bit,0 GB,Casual,No warranty,Yes,No,3893,3 stars,0,0
ASUS,Intel,Pentium Quad,Not Available,8 GB,LPDDR4X,256 GB,0 GB,Windows,64-bit,0 GB,Casual,1 year,Yes,No,4220,3 stars,0,0
HP,Intel,Pentium Quad,Not Available,8 GB,DDR4,256 GB,0 GB,Windows,64-bit,0 GB,ThinNlight,1 year,No,Yes,2210,4 stars,77,9
ASUS,Intel,Pentium Quad,Not Available,4 GB,DDR4,256 GB,0 GB,Windows,64-bit,0 GB,ThinNlight,1 year,No,Yes,2277,4 stars,6,0
acer,Intel,Pentium Quad,Not Available,4 GB,DDR4,256 GB,0 GB,Windows,64-bit,0 GB,Casual,1 year,No,No,2076,4 stars,465,89
DELL,Intel,Pentium Quad,Not Available,4 GB,DDR4,256 GB,0 GB,Windows,64-bit,0 GB,ThinNlight,1 year,No,No,2412,4 stars,102,16
ASUS,Intel,Pentium Quad,Not Available,4 GB,DDR4,256 GB,0 GB,Windows,64-bit,0 GB,ThinNlight,1 year,No,Yes,2210,4 stars,7,1
DELL,Intel,Pentium Quad,Not Available,4 GB,DDR4,256 GB,0 GB,Windows,64-bit,0 GB,Casual,1 year,No,No,2411,3 stars,0,0
ASUS,Intel,Pentium Quad,Not Available,4 GB,LPDDR4,0 GB,1024 GB,Windows,64-bit,0 GB,Casual,No warranty,No,No,1875,3 stars,0,0
ASUS,Intel,Pentium Quad,Not Available,4 GB,DDR4,0 GB,1024 GB,Windows,64-bit,0 GB,Casual,1 year,No,No,1741,3 stars,4741,658
ASUS,Intel,Pentium Quad,Not Available,4 GB,DDR4,0 GB,1024 GB,Windows,64-bit,0 GB,Casual,1 year,No,No,1741,3 stars,2736,350
ASUS,Intel,Pentium Quad,Not Available,4 GB,DDR4,0 GB,1024 GB,Windows,64-bit,0 GB,Casual,No warranty,No,No,2062,3 stars,0,0
HP,AMD,Ryzen 3,Not Available,8 GB,DDR4,256 GB,0 GB,Windows,64-bit,0 GB,ThinNlight,1 year,No,No,2545,4 stars,2214,241
ASUS,AMD,Ryzen 3,Not Available,8 GB,DDR4,256 GB,0 GB,Windows,64-bit,0 GB,ThinNlight,1 year,No,No,2411,4 stars,2886,375
DELL,AMD,Ryzen 3,Not Available,8 GB,DDR4,256 GB,0 GB,Windows,64-bit,0 GB,ThinNlight,No warranty,No,No,2646,4 stars,34,4
DELL,AMD,Ryzen 3,Not Available,8 GB,DDR4,256 GB,0 GB,Windows,64-bit,0 GB,ThinNlight,No warranty,No,No,2478,4 stars,137,15
DELL,AMD,Ryzen 3,Not Available,8 GB,DDR4,256 GB,0 GB,Windows,64-bit,0 GB,ThinNlight,1 year,No,No,2679,4 stars,7,0
ASUS,AMD,Ryzen 3,Not Available,4 GB,DDR4,256 GB,0 GB,Windows,64-bit,0 GB,ThinNlight,1 year,No,No,2257,4 stars,170,26
DELL,AMD,Ryzen 3,Not Available,8 GB,DDR4,256 GB,0 GB,Windows,64-bit,0 GB,ThinNlight,No warranty,No,No,2720,3 stars,0,0
ASUS,AMD,Ryzen 3,Not Available,4 GB,DDR4,256 GB,0 GB,Windows,64-bit,0 GB,Casual,1 year,No,No,2545,4 stars,39,3
ASUS,AMD,Ryzen 3,Not Available,4 GB,DDR4,256 GB,0 GB,Windows,64-bit,0 GB,ThinNlight,1 year,No,Yes,2312,4 stars,2886,375
acer,AMD,Ryzen 3,Not Available,8 GB,DDR4,512 GB,0 GB,Windows,64-bit,0 GB,Casual,1 year,No,No,2478,4 stars,11,2
HP,AMD,Ryzen 3,Not Available,8 GB,DDR4,512 GB,0 GB,Windows,64-bit,0 GB,ThinNlight,No warranty,No,No,2914,4 stars,163,33
HP,AMD,Ryzen 3,Not Available,8 GB,DDR4,512 GB,0 GB,Windows,64-bit,0 GB,ThinNlight,1 year,No,Yes,2780,4 stars,153,21
acer,AMD,Ryzen 3,Not Available,4 GB,DDR4,512 GB,0 GB,Windows,64-bit,0 GB,Casual,No warranty,No,No,2344,3 stars,0,0
HP,AMD,Ryzen 3,Not Available,4 GB,DDR4,512 GB,0 GB,Windows,64-bit,0 GB,ThinNlight,1 year,No,Yes,2981,4 stars,267,42
DELL,AMD,Ryzen 3,Not Available,4 GB,DDR4,512 GB,0 GB,Windows,64-bit,0 GB,ThinNlight,No warranty,No,No,2720,3 stars,0,0
DELL,AMD,Ryzen 3,Not Available,8 GB,DDR4,512 GB,0 GB,Windows,64-bit,0 GB,ThinNlight,No warranty,No,No,2820,3 stars,3,0
DELL,AMD,Ryzen 3,Not Available,8 GB,DDR4,0 GB,1024 GB,Windows,64-bit,0 GB,ThinNlight,1 year,No,Yes,2411,4 stars,59,12
HP,AMD,Ryzen 3,Not Available,8 GB,DDR4,0 GB,1024 GB,Windows,64-bit,0 GB,ThinNlight,1 year,No,Yes,2646,4 stars,7291,895
DELL,AMD,Ryzen 3,Not Available,8 GB,DDR4,0 GB,1024 GB,Windows,64-bit,0 GB,ThinNlight,No warranty,No,No,2505,4 stars,38,5
DELL,AMD,Ryzen 3,Not Available,4 GB,DDR4,0 GB,1024 GB,Windows,64-bit,0 GB,ThinNlight,1 year,No,Yes,3526,3 stars,0,0
DELL,AMD,Ryzen 3,Not Available,4 GB,DDR4,0 GB,1024 GB,Windows,64-bit,0 GB,Casual,1 year,No,Yes,2679,4 stars,409,39
DELL,AMD,Ryzen 3,Not Available,4 GB,DDR4,0 GB,1024 GB,Windows,64-bit,0 GB,Casual,1 year,No,No,2947,3 stars,0,0
HP,AMD,Ryzen 3,Not Available,4 GB,DDR4,0 GB,1024 GB,Windows,64-bit,0 GB,Casual,1 year,No,No,2205,4 stars,353,58
Lenovo,AMD,Ryzen 3,Not Available,4 GB,DDR4,0 GB,1024 GB,Windows,64-bit,0 GB,Casual,No warranty,No,No,2344,3 stars,38,6
DELL,AMD,Ryzen 3,Not Available,8 GB,DDR4,0 GB,1024 GB,Windows,64-bit,0 GB,ThinNlight,No warranty,No,No,2679,3 stars,18,4
HP,AMD,Ryzen 3,Not Available,8 GB,DDR4,256 GB,1024 GB,Windows,64-bit,0 GB,Casual,1 year,No,Yes,2814,4 stars,3524,432
DELL,AMD,Ryzen 5,Not Available,8 GB,DDR4,256 GB,0 GB,Windows,64-bit,0 GB,Casual,1 year,No,Yes,2813,4 stars,939,107
DELL,AMD,Ryzen 5,Not Available,8 GB,DDR4,256 GB,0 GB,Windows,64-bit,0 GB,ThinNlight,1 year,No,No,2981,4 stars,14,1
DELL,AMD,Ryzen 5,Not Available,8 GB,DDR4,256 GB,0 GB,Windows,64-bit,0 GB,Casual,1 year,No,Yes,2813,4 stars,649,84
DELL,AMD,Ryzen 5,Not Available,8 GB,DDR4,256 GB,0 GB,Windows,64-bit,0 GB,ThinNlight,1 year,No,Yes,2981,4 stars,8,2
MSI,AMD,Ryzen 5,Not Available,4 GB,DDR4,256 GB,0 GB,Windows,64-bit,0 GB,Casual,1 year,No,No,3349,3 stars,0,0
DELL,AMD,Ryzen 5,Not Available,4 GB,DDR4,256 GB,0 GB,Windows,64-bit,0 GB,ThinNlight,1 year,No,No,2974,4 stars,276,24
HP,AMD,Ryzen 5,Not Available,8 GB,DDR4,512 GB,0 GB,Windows,64-bit,4 GB,Casual,1 year,No,No,3885,4 stars,4740,532
Lenovo,AMD,Ryzen 5,Not Available,8 GB,DDR4,512 GB,0 GB,Windows,64-bit,4 GB,Gaming,1 year,No,Yes,3818,4 stars,162,15
Lenovo,AMD,Ryzen 5,Not Available,8 GB,DDR4,512 GB,0 GB,Windows,64-bit,0 GB,ThinNlight,1 year,No,No,3282,4 stars,219,27
HP,AMD,Ryzen 5,Not Available,8 GB,DDR4,512 GB,0 GB,Windows,64-bit,0 GB,ThinNlight,1 year,No,Yes,3348,4 stars,193,28
MSI,AMD,Ryzen 5,Not Available,8 GB,DDR4,512 GB,0 GB,Windows,64-bit,0 GB,Casual,No warranty,No,No,3215,4 stars,562,89
HP,AMD,Ryzen 5,Not Available,8 GB,DDR4,512 GB,0 GB,Windows,64-bit,0 GB,ThinNlight,1 year,No,Yes,3282,4 stars,45,5
acer,AMD,Ryzen 5,Not Available,8 GB,LPDDR4X,512 GB,0 GB,Windows,64-bit,0 GB,ThinNlight,1 year,No,No,3617,4 stars,7,0
Lenovo,AMD,Ryzen 5,Not Available,8 GB,DDR4,512 GB,0 GB,Windows,64-bit,0 GB,Casual,1 year,No,Yes,3550,4 stars,39,5
acer,AMD,Ryzen 5,Not Available,8 GB,DDR4,512 GB,0 GB,Windows,64-bit,0 GB,Casual,1 year,No,No,2947,3 stars,0,0
Lenovo,AMD,Ryzen 5,Not Available,8 GB,DDR4,512 GB,0 GB,Windows,64-bit,4 GB,Gaming,No warranty,No,No,3986,4 stars,92,10
MSI,AMD,Ryzen 5,Not Available,8 GB,DDR4,512 GB,0 GB,Windows,64-bit,4 GB,Casual,No warranty,No,No,4354,4 stars,469,80
DELL,AMD,Ryzen 5,Not Available,8 GB,DDR4,512 GB,0 GB,Windows,64-bit,0 GB,ThinNlight,No warranty,No,No,3182,2 stars,2,1
HP,AMD,Ryzen 5,Not Available,8 GB,DDR4,512 GB,0 GB,Windows,64-bit,4 GB,Casual,1 year,No,No,4019,4 stars,1978,188
Lenovo,AMD,Ryzen 5,Not Available,8 GB,DDR4,512 GB,0 GB,Windows,64-bit,4 GB,Casual,No warranty,No,No,4689,4 stars,9,0
HP,AMD,Ryzen 5,Not Available,8 GB,DDR4,512 GB,0 GB,Windows,64-bit,4 GB,Casual,1 year,No,No,3952,4 stars,1049,134
DELL,AMD,Ryzen 5,Not Available,8 GB,DDR4,512 GB,0 GB,Windows,64-bit,0 GB,ThinNlight,1 year,No,No,3986,4 stars,74,18
HP,AMD,Ryzen 5,Not Available,16 GB,DDR4,512 GB,0 GB,Windows,64-bit,0 GB,ThinNlight,1 year,No,Yes,4522,4 stars,196,19
HP,AMD,Ryzen 5,Not Available,8 GB,DDR4,512 GB,0 GB,Windows,32-bit,0 GB,Casual,No warranty,No,No,3282,4 stars,17,1
ASUS,AMD,Ryzen 5,Not Available,8 GB,DDR4,512 GB,0 GB,Windows,64-bit,0 GB,Casual,1 year,Yes,Yes,4184,4 stars,172,36
ASUS,AMD,Ryzen 5,Not Available,8 GB,DDR4,512 GB,0 GB,Windows,64-bit,0 GB,Casual,1 year,No,No,3952,4 stars,324,34
HP,AMD,Ryzen 5,Not Available,8 GB,DDR4,512 GB,0 GB,Windows,64-bit,0 GB,ThinNlight,1 year,No,Yes,3886,4 stars,86,15
ASUS,AMD,Ryzen 5,Not Available,16 GB,DDR4,512 GB,0 GB,Windows,64-bit,0 GB,Casual,No warranty,No,No,3818,4 stars,4,1
HP,AMD,Ryzen 5,Not Available,8 GB,DDR4,512 GB,0 GB,Windows,64-bit,4 GB,Casual,1 year,No,Yes,4890,4 stars,16,4
HP,AMD,Ryzen 5,Not Available,16 GB,DDR4,512 GB,0 GB,Windows,64-bit,0 GB,Casual,1 year,No,Yes,4421,4 stars,104,18
HP,AMD,Ryzen 5,Not Available,16 GB,DDR4,512 GB,0 GB,Windows,64-bit,0 GB,Casual,1 year,Yes,Yes,6567,3 stars,0,0
HP,AMD,Ryzen 5,Not Available,16 GB,DDR4,512 GB,0 GB,Windows,64-bit,2 GB,Casual,1 year,No,Yes,4287,4 stars,90,13
ASUS,AMD,Ryzen 5,Not Available,8 GB,DDR4,512 GB,0 GB,Windows,32-bit,0 GB,ThinNlight,1 year,No,Yes,3343,4 stars,6,1
DELL,AMD,Ryzen 5,Not Available,8 GB,DDR4,512 GB,0 GB,Windows,64-bit,0 GB,ThinNlight,1 year,No,Yes,3349,4 stars,47,7
DELL,AMD,Ryzen 5,Not Available,8 GB,DDR4,512 GB,0 GB,Windows,64-bit,0 GB,ThinNlight,1 year,No,Yes,3986,3 stars,0,0
HP,AMD,Ryzen 5,Not Available,8 GB,DDR4,512 GB,0 GB,Windows,64-bit,0 GB,Casual,1 year,Yes,Yes,4958,4 stars,206,27
DELL,AMD,Ryzen 5,Not Available,4 GB,DDR4,512 GB,0 GB,Windows,64-bit,0 GB,ThinNlight,1 year,No,Yes,4086,4 stars,183,42
DELL,AMD,Ryzen 5,Not Available,4 GB,DDR4,512 GB,0 GB,Windows,64-bit,6 GB,Casual,No warranty,No,No,5105,4 stars,358,64
Lenovo,AMD,Ryzen 5,Not Available,4 GB,LPDDR4X,512 GB,0 GB,Windows,64-bit,0 GB,ThinNlight,3 years,Yes,Yes,5011,3 stars,0,0
ASUS,AMD,Ryzen 5,Not Available,4 GB,DDR4,512 GB,0 GB,Windows,64-bit,0 GB,Casual,1 year,No,No,3952,4 stars,88,13
HP,AMD,Ryzen 5,Not Available,4 GB,DDR4,512 GB,0 GB,Windows,32-bit,4 GB,Casual,No warranty,No,No,4563,3 stars,0,0
Lenovo,AMD,Ryzen 5,Not Available,4 GB,DDR4,512 GB,0 GB,Windows,64-bit,0 GB,ThinNlight,1 year,Yes,Yes,5225,3 stars,0,0
HP,AMD,Ryzen 5,Not Available,4 GB,DDR4,512 GB,0 GB,Windows,64-bit,0 GB,ThinNlight,1 year,No,Yes,3691,4 stars,364,52
ASUS,AMD,Ryzen 5,Not Available,4 GB,LPDDR4X,512 GB,0 GB,Windows,64-bit,0 GB,Casual,No warranty,Yes,No,6163,3 stars,0,0
HP,AMD,Ryzen 5,Not Available,4 GB,DDR4,512 GB,0 GB,Windows,64-bit,0 GB,Casual,1 year,No,Yes,5642,3 stars,0,0
acer,AMD,Ryzen 5,Not Available,4 GB,DDR4,512 GB,0 GB,Windows,64-bit,0 GB,Casual,1 year,No,No,3014,4 stars,313,39
HP,AMD,Ryzen 5,Not Available,4 GB,DDR4,512 GB,0 GB,Windows,64-bit,0 GB,ThinNlight,1 year,No,Yes,3584,4 stars,826,118
Lenovo,AMD,Ryzen 5,Not Available,4 GB,DDR4,512 GB,0 GB,Windows,64-bit,4 GB,Casual,No warranty,No,No,5125,3 stars,0,0
DELL,AMD,Ryzen 5,Not Available,4 GB,DDR4,512 GB,0 GB,Windows,64-bit,4 GB,Casual,1 year,No,No,6628,3 stars,0,0
MSI,AMD,Ryzen 5,Not Available,4 GB,DDR4,512 GB,0 GB,Windows,64-bit,0 GB,Casual,No warranty,No,No,3684,4 stars,1410,203
acer,AMD,Ryzen 5,Not Available,4 GB,DDR4,512 GB,0 GB,Windows,64-bit,0 GB,Casual,1 year,No,No,3349,4 stars,47,6
HP,AMD,Ryzen 5,Not Available,4 GB,DDR4,512 GB,0 GB,Windows,32-bit,0 GB,Casual,No warranty,No,No,3509,3 stars,0,0
acer,AMD,Ryzen 5,Not Available,4 GB,DDR4,512 GB,0 GB,Windows,64-bit,0 GB,ThinNlight,1 year,No,No,3349,4 stars,6,1
HP,AMD,Ryzen 5,Not Available,4 GB,DDR4,512 GB,0 GB,Windows,64-bit,0 GB,ThinNlight,1 year,No,Yes,3518,4 stars,741,67
ASUS,AMD,Ryzen 5,Not Available,4 GB,DDR4,512 GB,0 GB,Windows,64-bit,0 GB,ThinNlight,1 year,No,Yes,3349,4 stars,14,2
acer,AMD,Ryzen 5,Not Available,4 GB,DDR4,512 GB,0 GB,Windows,64-bit,0 GB,ThinNlight,1 year,No,No,5092,3 stars,0,0
ASUS,AMD,Ryzen 5,Not Available,4 GB,DDR4,512 GB,0 GB,Windows,64-bit,0 GB,Casual,1 year,No,No,5426,3 stars,0,0
Lenovo,AMD,Ryzen 5,Not Available,4 GB,DDR4,512 GB,0 GB,Windows,32-bit,0 GB,Casual,1 year,No,No,4013,3 stars,3,0
HP,AMD,Ryzen 5,Not Available,4 GB,DDR4,512 GB,0 GB,Windows,64-bit,0 GB,ThinNlight,1 year,No,Yes,3658,4 stars,349,69
DELL,AMD,Ryzen 5,Not Available,4 GB,DDR4,512 GB,0 GB,Windows,64-bit,0 GB,Casual,1 year,Yes,Yes,5058,3 stars,0,0
HP,AMD,Ryzen 5,Not Available,8 GB,DDR4,512 GB,0 GB,Windows,64-bit,0 GB,ThinNlight,1 year,No,Yes,3477,4 stars,519,48
ASUS,AMD,Ryzen 5,Not Available,16 GB,DDR4,512 GB,0 GB,Windows,64-bit,0 GB,Casual,1 year,No,No,5226,2 stars,3,0
HP,AMD,Ryzen 5,Not Available,16 GB,DDR4,512 GB,0 GB,Windows,64-bit,0 GB,ThinNlight,1 year,No,Yes,4020,4 stars,19,1
HP,AMD,Ryzen 5,Not Available,8 GB,DDR4,512 GB,0 GB,Windows,64-bit,4 GB,Gaming,1 year,No,Yes,4354,3 stars,8,1
DELL,AMD,Ryzen 5,Not Available,4 GB,DDR4,1024 GB,0 GB,Windows,32-bit,0 GB,Casual,No warranty,No,No,3879,4 stars,3,1
Lenovo,AMD,Ryzen 5,Not Available,4 GB,LPDDR4X,1024 GB,0 GB,Windows,64-bit,0 GB,ThinNlight,3 years,Yes,Yes,5493,3 stars,0,0
HP,AMD,Ryzen 5,Not Available,4 GB,DDR4,0 GB,1024 GB,Windows,64-bit,4 GB,Gaming,1 year,No,No,4019,4 stars,1480,151
DELL,AMD,Ryzen 5,Not Available,8 GB,DDR4,256 GB,1024 GB,Windows,64-bit,0 GB,Casual,No warranty,No,No,3316,4 stars,31,3
ASUS,AMD,Ryzen 5,Not Available,8 GB,DDR4,256 GB,1024 GB,Windows,64-bit,0 GB,Casual,1 year,No,No,3684,4 stars,18,3
Lenovo,AMD,Ryzen 5,Not Available,8 GB,DDR4,256 GB,1024 GB,Windows,64-bit,4 GB,Casual,No warranty,No,No,4590,4 stars,271,24
ASUS,AMD,Ryzen 5,Not Available,8 GB,DDR4,256 GB,1024 GB,Windows,64-bit,0 GB,Casual,1 year,No,No,3684,4 stars,49,6
ASUS,AMD,Ryzen 5,Not Available,8 GB,DDR4,256 GB,1024 GB,Windows,32-bit,0 GB,Casual,1 year,No,Yes,3684,4 stars,474,65
Lenovo,AMD,Ryzen 5,Not Available,8 GB,DDR4,256 GB,1024 GB,Windows,64-bit,0 GB,Gaming,1 year,No,Yes,4287,4 stars,861,116
HP,AMD,Ryzen 5,Not Available,4 GB,DDR4,256 GB,1024 GB,Windows,64-bit,4 GB,Gaming,1 year,No,No,5360,4 stars,34,6
DELL,AMD,Ryzen 5,Not Available,4 GB,DDR4,256 GB,1024 GB,Windows,32-bit,0 GB,Casual,No warranty,No,No,3483,3 stars,0,0
ASUS,AMD,Ryzen 5,Not Available,4 GB,DDR4,256 GB,1024 GB,Windows,64-bit,0 GB,Casual,1 year,No,Yes,4220,4 stars,165,34
HP,AMD,Ryzen 5,Not Available,4 GB,DDR4,256 GB,1024 GB,Windows,64-bit,0 GB,ThinNlight,1 year,No,No,3550,4 stars,698,74
ASUS,AMD,Ryzen 5,Not Available,4 GB,DDR4,256 GB,1024 GB,Windows,64-bit,0 GB,ThinNlight,1 year,No,Yes,5032,3 stars,0,0
ASUS,AMD,Ryzen 7,Not Available,16 GB,DDR4,512 GB,0 GB,Windows,32-bit,4 GB,Gaming,No warranty,No,No,5158,4 stars,22,3
ASUS,AMD,Ryzen 7,Not Available,16 GB,DDR4,512 GB,0 GB,Windows,64-bit,4 GB,Casual,1 year,No,No,5359,3 stars,0,0
ASUS,AMD,Ryzen 7,Not Available,8 GB,DDR4,512 GB,0 GB,Windows,64-bit,4 GB,Casual,No warranty,No,No,4823,4 stars,144,16
ASUS,AMD,Ryzen 7,Not Available,8 GB,DDR4,512 GB,0 GB,Windows,64-bit,4 GB,Casual,No warranty,No,No,4823,4 stars,1810,235
Lenovo,AMD,Ryzen 7,Not Available,16 GB,DDR4,512 GB,0 GB,Windows,64-bit,4 GB,Casual,1 year,No,Yes,6699,4 stars,26,1
ASUS,AMD,Ryzen 7,Not Available,16 GB,DDR4,512 GB,0 GB,Windows,64-bit,0 GB,Casual,1 year,No,No,5359,3 stars,0,0
DELL,AMD,Ryzen 7,Not Available,16 GB,DDR4,512 GB,0 GB,Windows,64-bit,4 GB,Casual,1 year,No,No,6297,3 stars,0,0
ASUS,AMD,Ryzen 7,Not Available,16 GB,DDR4,512 GB,0 GB,Windows,64-bit,4 GB,Gaming,No warranty,No,No,5560,4 stars,1067,145
ASUS,AMD,Ryzen 7,Not Available,4 GB,DDR5,512 GB,0 GB,Windows,64-bit,4 GB,Casual,No warranty,No,No,7168,3 stars,0,0
ASUS,AMD,Ryzen 7,Not Available,4 GB,DDR4,512 GB,0 GB,Windows,64-bit,0 GB,Casual,1 year,No,No,6230,4 stars,25,4
Lenovo,Intel,Ryzen 7,Not Available,4 GB,DDR4,512 GB,0 GB,Windows,32-bit,4 GB,Casual,3 years,No,Yes,5460,3 stars,0,0
ASUS,AMD,Ryzen 7,Not Available,4 GB,DDR4,512 GB,0 GB,Windows,64-bit,0 GB,Casual,1 year,No,Yes,3818,3 stars,0,0
MSI,AMD,Ryzen 7,Not Available,4 GB,DDR4,512 GB,0 GB,Windows,64-bit,0 GB,Casual,No warranty,No,No,4354,3 stars,0,0
Lenovo,AMD,Ryzen 7,Not Available,4 GB,DDR4,512 GB,0 GB,Windows,64-bit,0 GB,Casual,1 year,No,Yes,4086,4 stars,530,69
Lenovo,AMD,Ryzen 7,Not Available,4 GB,DDR4,512 GB,0 GB,Windows,64-bit,4 GB,Casual,1 year,No,Yes,5694,3 stars,0,0
HP,AMD,Ryzen 7,Not Available,4 GB,DDR4,512 GB,0 GB,Windows,64-bit,4 GB,Casual,1 year,No,No,6096,4 stars,273,40
ASUS,AMD,Ryzen 7,Not Available,4 GB,DDR4,512 GB,0 GB,Windows,64-bit,0 GB,Casual,1 year,No,No,4287,4 stars,77,7
Lenovo,AMD,Ryzen 7,Not Available,4 GB,DDR4,512 GB,0 GB,Windows,64-bit,0 GB,Casual,1 year,No,Yes,4287,4 stars,105,10
HP,AMD,Ryzen 7,Not Available,4 GB,DDR4,512 GB,0 GB,Windows,64-bit,0 GB,ThinNlight,1 year,No,Yes,3886,4 stars,44,5
ASUS,AMD,Ryzen 7,Not Available,4 GB,DDR4,512 GB,0 GB,Windows,32-bit,4 GB,Casual,No warranty,No,No,4851,3 stars,0,0
Lenovo,AMD,Ryzen 7,Not Available,4 GB,DDR4,512 GB,0 GB,Windows,64-bit,0 GB,Casual,1 year,Yes,No,5292,4 stars,6,0
acer,AMD,Ryzen 7,Not Available,4 GB,DDR4,512 GB,0 GB,Windows,64-bit,0 GB,ThinNlight,1 year,No,No,4019,3 stars,0,0
ASUS,AMD,Ryzen 7,Not Available,4 GB,DDR5,512 GB,0 GB,Windows,32-bit,4 GB,Casual,1 year,No,No,7503,3 stars,0,0
HP,AMD,Ryzen 7,Not Available,4 GB,DDR4,512 GB,0 GB,Windows,32-bit,0 GB,Casual,No warranty,Yes,No,7303,3 stars,0,0
DELL,AMD,Ryzen 7,Not Available,4 GB,DDR4,512 GB,0 GB,Windows,64-bit,6 GB,Casual,No warranty,No,No,6029,4 stars,191,27
Lenovo,AMD,Ryzen 7,Not Available,4 GB,DDR4,512 GB,0 GB,Windows,64-bit,0 GB,Casual,3 years,Yes,Yes,5292,3 stars,0,0
Lenovo,AMD,Ryzen 7,Not Available,4 GB,DDR4,512 GB,0 GB,Windows,64-bit,4 GB,Casual,No warranty,No,No,4900,3 stars,4,1
Lenovo,AMD,Ryzen 7,Not Available,4 GB,DDR4,512 GB,0 GB,Windows,64-bit,4 GB,Casual,1 year,No,No,7168,3 stars,0,0
ASUS,AMD,Ryzen 7,Not Available,4 GB,DDR4,512 GB,0 GB,Windows,32-bit,4 GB,Casual,No warranty,No,No,5359,3 stars,0,0
DELL,AMD,Ryzen 7,Not Available,4 GB,DDR4,512 GB,0 GB,Windows,64-bit,0 GB,Casual,1 year,Yes,Yes,6001,3 stars,0,0
HP,AMD,Ryzen 7,Not Available,4 GB,DDR4,512 GB,0 GB,Windows,64-bit,0 GB,ThinNlight,1 year,No,Yes,4590,4 stars,134,22
Lenovo,AMD,Ryzen 7,Not Available,16 GB,DDR4,512 GB,0 GB,Windows,64-bit,0 GB,Casual,1 year,No,No,4918,3 stars,0,0
HP,AMD,Ryzen 7,Not Available,16 GB,DDR4,512 GB,0 GB,Windows,64-bit,2 GB,Casual,1 year,No,Yes,5359,3 stars,23,6
HP,AMD,Ryzen 7,Not Available,16 GB,DDR4,512 GB,0 GB,Windows,64-bit,4 GB,Gaming,1 year,No,Yes,5694,2 stars,4,2
MSI,AMD,Ryzen 7,Not Available,16 GB,DDR4,1024 GB,0 GB,Windows,64-bit,8 GB,Casual,1 year,No,No,6699,4 stars,108,24
ASUS,AMD,Ryzen 7,Not Available,8 GB,LPDDR4X,1024 GB,0 GB,Windows,64-bit,4 GB,Casual,No warranty,No,No,4890,4 stars,198,24
HP,AMD,Ryzen 7,Not Available,16 GB,DDR4,1024 GB,0 GB,Windows,64-bit,0 GB,ThinNlight,1 year,Yes,Yes,6230,3 stars,0,0
HP,AMD,Ryzen 7,Not Available,16 GB,DDR4,1024 GB,0 GB,Windows,64-bit,0 GB,ThinNlight,1 year,No,Yes,5641,3 stars,0,0
ASUS,AMD,Ryzen 7,Not Available,16 GB,LPDDR4X,1024 GB,0 GB,Windows,64-bit,0 GB,Casual,No warranty,Yes,No,7570,3 stars,0,0
ASUS,AMD,Ryzen 7,Not Available,4 GB,DDR5,1024 GB,0 GB,Windows,32-bit,4 GB,Casual,1 year,No,No,7704,3 stars,0,0
acer,AMD,Ryzen 7,Not Available,4 GB,DDR4,1024 GB,0 GB,Windows,64-bit,4 GB,Casual,1 year,No,No,6699,3 stars,0,0
ASUS,AMD,Ryzen 7,Not Available,4 GB,DDR4,1024 GB,0 GB,Windows,32-bit,4 GB,Gaming,No warranty,No,No,6431,4 stars,57,3
HP,AMD,Ryzen 7,Not Available,4 GB,DDR4,1024 GB,0 GB,Windows,64-bit,8 GB,Casual,1 year,No,No,10719,4 stars,17,2
ASUS,AMD,Ryzen 7,Not Available,4 GB,DDR4,1024 GB,0 GB,Windows,64-bit,0 GB,Casual,1 year,No,Yes,5158,3 stars,0,0
Lenovo,AMD,Ryzen 7,Not Available,4 GB,DDR4,1024 GB,0 GB,Windows,64-bit,6 GB,Casual,1 year,No,Yes,8776,3 stars,0,0
ASUS,AMD,Ryzen 7,Not Available,4 GB,DDR4,1024 GB,0 GB,Windows,64-bit,0 GB,Casual,1 year,No,No,6699,3 stars,0,0
ASUS,AMD,Ryzen 7,Not Available,4 GB,DDR5,1024 GB,0 GB,Windows,64-bit,4 GB,Casual,No warranty,No,No,7570,3 stars,0,0
Lenovo,AMD,Ryzen 7,Not Available,4 GB,DDR4,1024 GB,0 GB,Windows,64-bit,0 GB,Casual,1 year,No,Yes,5225,3 stars,0,0
ASUS,AMD,Ryzen 7,Not Available,4 GB,DDR4,1024 GB,0 GB,Windows,64-bit,0 GB,Casual,1 year,No,Yes,5092,5 stars,1,1
ASUS,AMD,Ryzen 7,Not Available,4 GB,LPDDR4X,1024 GB,0 GB,Windows,64-bit,4 GB,Casual,1 year,Yes,No,6699,4 stars,77,15
ASUS,AMD,Ryzen 7,Not Available,4 GB,DDR4,1024 GB,0 GB,Windows,64-bit,0 GB,Casual,1 year,No,No,7437,3 stars,0,0
ASUS,AMD,Ryzen 7,Not Available,16 GB,LPDDR4X,1024 GB,0 GB,Windows,64-bit,0 GB,ThinNlight,1 year,No,Yes,5693,3 stars,2,1
HP,AMD,Ryzen 7,Not Available,16 GB,DDR4,256 GB,1024 GB,Windows,64-bit,4 GB,Gaming,1 year,No,Yes,5091,4 stars,1084,123
acer,AMD,Ryzen 7,Not Available,16 GB,DDR4,256 GB,1024 GB,Windows,64-bit,6 GB,Casual,1 year,No,No,6029,4 stars,272,36
acer,AMD,Ryzen 7,Not Available,16 GB,DDR4,256 GB,1024 GB,Windows,64-bit,4 GB,Casual,No warranty,No,No,5493,4 stars,141,24
Lenovo,AMD,Ryzen 7,Not Available,4 GB,DDR4,512 GB,1024 GB,Windows,32-bit,0 GB,Casual,No warranty,No,No,5393,3 stars,0,0
ASUS,AMD,Ryzen 9,Not Available,16 GB,DDR4,1024 GB,0 GB,Windows,64-bit,6 GB,Casual,1 year,No,No,9111,3 stars,0,0
ASUS,AMD,Ryzen 9,Not Available,16 GB,DDR4,1024 GB,0 GB,Windows,32-bit,0 GB,Casual,1 year,No,No,10384,4 stars,194,42
ASUS,AMD,Ryzen 9,Not Available,16 GB,DDR4,1024 GB,0 GB,Windows,64-bit,8 GB,Casual,1 year,No,Yes,13399,4 stars,9,2
ASUS,AMD,Ryzen 9,Not Available,16 GB,DDR4,1024 GB,0 GB,Windows,64-bit,4 GB,Casual,No warranty,No,No,7704,4 stars,28,4
ASUS,AMD,Ryzen 9,Not Available,16 GB,DDR4,1024 GB,0 GB,Windows,64-bit,6 GB,Casual,1 year,No,Yes,8709,4 stars,204,35
ASUS,AMD,Ryzen 9,Not Available,16 GB,LPDDR4X,1024 GB,0 GB,Windows,64-bit,4 GB,Casual,1 year,Yes,Yes,7704,4 stars,32,6
MSI,AMD,Ryzen 9,Not Available,4 GB,DDR4,1024 GB,0 GB,Windows,64-bit,0 GB,Casual,No warranty,No,No,9848,3 stars,0,0
ASUS,AMD,Ryzen 9,Not Available,4 GB,DDR4,1024 GB,0 GB,Windows,64-bit,0 GB,Casual,1 year,No,No,7034,4 stars,14,2
ASUS,AMD,Ryzen 9,Not Available,4 GB,LPDDR4X,1024 GB,0 GB,Windows,64-bit,4 GB,Casual,1 year,Yes,No,7704,4 stars,14,1
ASUS,AMD,Ryzen 9,Not Available,4 GB,LPDDR4X,1024 GB,0 GB,Windows,64-bit,4 GB,Casual,1 year,Yes,Yes,8374,5 stars,3,0
ASUS,AMD,Ryzen 9,Not Available,4 GB,LPDDR4X,1024 GB,0 GB,Windows,64-bit,0 GB,Casual,No warranty,Yes,No,9044,3 stars,0,0
HP,AMD,Ryzen 9,Not Available,4 GB,DDR4,1024 GB,0 GB,Windows,64-bit,8 GB,Casual,1 year,No,Yes,9513,3 stars,0,0
ASUS,AMD,Ryzen 9,Not Available,4 GB,DDR4,1024 GB,0 GB,Windows,64-bit,0 GB,Casual,1 year,No,No,8709,3 stars,0,0
ASUS,AMD,Ryzen 9,Not Available,4 GB,LPDDR4X,1024 GB,0 GB,Windows,64-bit,4 GB,Casual,1 year,Yes,Yes,9580,4 stars,4,1
ASUS,AMD,Ryzen 9,Not Available,4 GB,DDR4,1024 GB,0 GB,Windows,64-bit,0 GB,Casual,1 year,No,No,8173,3 stars,0,0
ASUS,AMD,Ryzen 9,Not Available,4 GB,LPDDR4X,1024 GB,0 GB,Windows,64-bit,4 GB,Casual,1 year,Yes,Yes,8374,4 stars,44,12
ASUS,AMD,Ryzen 9,Not Available,4 GB,DDR4,1024 GB,0 GB,Windows,64-bit,6 GB,Casual,No warranty,No,No,9513,4 stars,61,13
ASUS,AMD,Ryzen 9,Not Available,4 GB,DDR4,1024 GB,0 GB,Windows,64-bit,4 GB,Casual,1 year,No,No,10920,3 stars,0,0
ASUS,AMD,Ryzen 9,Not Available,4 GB,DDR4,1024 GB,0 GB,Windows,64-bit,0 GB,Casual,1 year,No,No,8744,3 stars,0,0
ASUS,AMD,Ryzen 9,Not Available,4 GB,DDR4,1024 GB,0 GB,Windows,64-bit,4 GB,Casual,No warranty,No,No,7838,3 stars,0,0
ASUS,AMD,Ryzen 9,Not Available,4 GB,DDR4,1024 GB,0 GB,Windows,32-bit,6 GB,Casual,No warranty,No,No,9312,3 stars,0,0
ASUS,AMD,Ryzen 9,Not Available,4 GB,LPDDR4X,1024 GB,0 GB,Windows,64-bit,4 GB,Casual,1 year,Yes,Yes,15744,3 stars,0,0
ASUS,AMD,Ryzen 9,Not Available,4 GB,DDR4,1024 GB,0 GB,Windows,64-bit,0 GB,Casual,1 year,No,No,9111,3 stars,0,0
ASUS,AMD,Ryzen 9,Not Available,4 GB,DDR4,1024 GB,0 GB,Windows,64-bit,0 GB,Casual,1 year,No,No,9714,3 stars,0,0
ASUS,AMD,Ryzen 9,Not Available,4 GB,DDR4,1024 GB,0 GB,Windows,64-bit,4 GB,Casual,1 year,No,No,10049,3 stars,0,0
ASUS,AMD,Ryzen 9,Not Available,4 GB,DDR4,1024 GB,0 GB,Windows,64-bit,4 GB,Casual,1 year,No,No,9580,3 stars,0,0
Lenovo,AMD,Ryzen 5,10th,8 GB,DDR4,512 GB,0 GB,DOS,64-bit,0 GB,ThinNlight,No warranty,No,No,3852,4 stars,18,4
